PackageName,post,N,A,Ce,Ca,I,D,PkgMod,Package,MII,NC,APIUP,Package ,SLOC ,IC,AC,BCF,PPI,SAVI,CUM,CUL
com.sun.jdi,0,63,2.705882353,5,20,0.2,1.905882353,0.529923174,com.sun.jdi,0.586666667,,0.002046703,com.sun.jdi,562,1,0.87587822,1,0,0,0.356789172,0.715799929
com.sun.jdi.connect,1,7,2.5,4,5,0.444444444,1.944444444,0.614318784,com.sun.jdi.connect,0.4,0.25,0.083333333,com.sun.jdi.connect,98,1,0.992974239,1,0,0.095918367,1,0.933333333
com.sun.jdi.event,0,20,0,4,6,0.4,0.6,0.333333333,com.sun.jdi.event,0.3,,0.007739938,com.sun.jdi.event,116,1,1,0,0.25,0,0,0
com.sun.jdi.request,1,18,8,3,9,0.25,7.25,0.466022344,com.sun.jdi.request,0.676470588,0,0.016472868,com.sun.jdi.request,175,1,0.990632319,0,0.166666667,0,0,0.785714286
org.apache.lucene.demo.html,0,9,0.125,3,1,0.75,0.125,0.315346803,org.apache.lucene.demo.html,0,0.333333333,0,org.apache.lucene.demo.html,2908,1,0.99765808,1,0,0.095308642,0.453750074,0.446512871
org.eclipse.ant.core,6,9,0,10,10,0.5,0.5,0.675962965,org.eclipse.ant.core,0,0,0,org.eclipse.ant.core,1184,0.666666667,0.941451991,1,0,0,0.413818115,0.374653659
org.eclipse.ant.internal.core,2,4,1,4,3,0.571428571,0.571428571,0.76429774,org.eclipse.ant.internal.core,0,0,0,org.eclipse.ant.internal.core,128,0.666666667,0.666666667,1,0,0.2,0.620204103,0.614361927
org.eclipse.ant.internal.core.ant,3,6,0,11,0,0,1,0.469669914,org.eclipse.ant.internal.core.ant,,1,0,org.eclipse.ant.internal.core.ant,738,0.833333333,1,1,0.583333333,0.111111111,0.448495029,0.585971175
org.eclipse.compare,2,20,1.222222222,25,10,0.714285714,0.936507937,0.653589838,org.eclipse.compare,0.037735849,0.875,0.036363636,org.eclipse.compare,2097,0.666666667,0.887587822,0.957317073,0.625,0.0345,0.575864984,0.470859367
org.eclipse.compare.contentmergeviewer,1,6,2,28,4,0.875,1.875,1,org.eclipse.compare.contentmergeviewer,1,0,0.005434783,org.eclipse.compare.contentmergeviewer,3728,0.666666667,0.992974239,0.851851852,0.301886792,0.114559387,0.566769953,0.483687672
org.eclipse.compare.internal,7,54,0.227272727,35,7,0.833333333,0.060606061,0.770323764,org.eclipse.compare.internal,0,,0.041666667,org.eclipse.compare.internal,4745,0.645833333,0.901639344,1,0,0,0.43612071,0.455467033
org.eclipse.compare.internal.patch,1,10,0,29,0,0,1,0.898984746,org.eclipse.compare.internal.patch,,0.6,0,org.eclipse.compare.internal.patch,2194,0.7,1,1,0.444444444,0.068,0.527661589,0.45868659
org.eclipse.compare.rangedifferencer,0,5,0.25,4,2,0.666666667,0.083333333,0.528595479,org.eclipse.compare.rangedifferencer,0,0.090909091,0.25,org.eclipse.compare.rangedifferencer,417,1,0.5,1,0.230769231,0.132,0.663238871,0.496937688
org.eclipse.compare.structuremergeviewer,0,13,1.6,16,10,0.615384615,1.215384615,0.646446609,org.eclipse.compare.structuremergeviewer,0.181818182,0.333333333,0.027777778,org.eclipse.compare.structuremergeviewer,1363,0.857142857,0.932084309,0.939285714,0.375,0.05443787,0.685366717,0.602134002
org.eclipse.core.boot,0,3,2,4,32,0.111111111,1.111111111,0.602252436,org.eclipse.core.boot,0.487179487,0,0.416666667,org.eclipse.core.boot,184,1,0,1,0,0.265965732,1,1
org.eclipse.core.internal.boot,2,16,0.142857143,8,7,0.533333333,0.323809524,0.659517948,org.eclipse.core.internal.boot,0,0.333333333,0.25,org.eclipse.core.internal.boot,4501,0.992974239,0.5,0.958333333,0.142857143,0.04296875,0.443005913,0.351292725
org.eclipse.core.internal.dtree,0,17,0.307692308,4,2,0.666666667,0.025641026,0.891214341,org.eclipse.core.internal.dtree,0.058823529,1,0.006578947,org.eclipse.core.internal.dtree,1944,1,0.666666667,1,0,0,0.508400303,0.467860989
org.eclipse.core.internal.events,1,17,0.133333333,10,4,0.714285714,0.152380952,0.736476862,org.eclipse.core.internal.events,0.043478261,0.777777778,0.125,org.eclipse.core.internal.events,2180,0.8125,0.969555035,0.9375,0,0.040484429,0.543197262,0.486736977
org.eclipse.core.internal.indexing,0,39,0.3,4,2,0.666666667,0.033333333,0.914290087,org.eclipse.core.internal.indexing,0,0.333333333,0,org.eclipse.core.internal.indexing,3599,1,0.918918919,1,0.333333333,0.017685733,0.465519255,0.445335926
org.eclipse.core.internal.localstore,2,22,0.222222222,9,1,0.9,0.122222222,0.76429774,org.eclipse.core.internal.localstore,0,0.941176471,0,org.eclipse.core.internal.localstore,2826,1,0.981264637,1,0.055555556,0.031404959,0.596109956,0.512722224
org.eclipse.core.internal.plugins,5,20,0.111111111,13,6,0.684210526,0.204678363,0.864017927,org.eclipse.core.internal.plugins,0,0.909090909,0,org.eclipse.core.internal.plugins,5761,0.277777778,0.967213115,1,0,0,0.513727212,0.43794238
org.eclipse.core.internal.properties,0,9,0.125,9,2,0.818181818,0.056818182,0.76429774,org.eclipse.core.internal.properties,0,1,0,org.eclipse.core.internal.properties,827,1,0.990632319,1,0,0,0.567004316,0.522754946
org.eclipse.core.internal.resources,3,70,0.129032258,18,5,0.782608696,0.088359046,0.890909091,org.eclipse.core.internal.resources,0,0.666666667,0.055555556,org.eclipse.core.internal.resources,12008,0.878787879,0.901639344,0.999786598,0.2,0.009959184,0.442672402,0.397062416
org.eclipse.core.internal.runtime,1,20,0,11,8,0.578947368,0.421052632,0.654983171,org.eclipse.core.internal.runtime,0,0.444444444,0,org.eclipse.core.internal.runtime,2522,0.9,0.946135831,1,0.5,0,0.453354859,0.412380859
org.eclipse.core.internal.utils,0,12,0.090909091,9,8,0.529411765,0.379679144,0.846906891,org.eclipse.core.internal.utils,0,0.2,0,org.eclipse.core.internal.utils,943,1,0.166666667,1,0,0.056944444,0.510095666,0.486153081
org.eclipse.core.internal.watson,0,17,0.7,6,3,0.666666667,0.366666667,0.802448412,org.eclipse.core.internal.watson,0.0625,,0.027777778,org.eclipse.core.internal.watson,1096,1,0.988290398,1,0,0,0.450456922,0.46660792
org.eclipse.core.launcher,0,2,0,7,0,0,1,1,org.eclipse.core.launcher,,1,0,org.eclipse.core.launcher,1023,1,1,1,0,0.3,0.552631579,0.578857143
org.eclipse.core.resources,1,36,17,8,164,0.046511628,16.04651163,0.729091751,org.eclipse.core.resources,0.505791506,0,0.001296815,org.eclipse.core.resources,706,0.333333333,0.718969555,0.696969697,0,0.019290123,0.786061231,0.719888627
org.eclipse.core.resources.ant,0,4,0,8,0,0,1,0.292893219,org.eclipse.core.resources.ant,,0.6,0,org.eclipse.core.resources.ant,217,0.5,1,1,0.666666667,0.175,0.727714257,0.781559564
org.eclipse.core.resources.team,0,3,0,3,5,0.375,0.625,0.35192593,org.eclipse.core.resources.team,1.888888889,0,0.051470588,org.eclipse.core.resources.team,102,0.99765808,0.995316159,0,0.5,0,1,1
org.eclipse.core.runtime,0,31,1.818181818,9,242,0.035856574,0.854038392,0.664301703,org.eclipse.core.runtime,0.251207729,0.006666667,0.007352941,org.eclipse.core.runtime,2089,0.861826698,0.642857143,0.931530008,0,0.020757951,0.511263555,0.450394805
org.eclipse.core.runtime.model,2,13,0.181818182,6,9,0.4,0.418181818,0.705372175,org.eclipse.core.runtime.model,0,0.666666667,0,org.eclipse.core.runtime.model,744,0.976580796,0.076923077,0.940559441,0,0.052662722,0.65383557,0.554621702
org.eclipse.debug.core,2,22,4.5,8,37,0.177777778,3.677777778,0.488946442,org.eclipse.debug.core,0.242990654,0.954545455,0.005387205,org.eclipse.debug.core,961,0,0.833723653,1,0.777777778,0.031404959,0.541906749,0.574969678
org.eclipse.debug.core.model,0,28,0,7,30,0.189189189,0.810810811,0.632388237,org.eclipse.debug.core.model,0.085365854,1,0.003149867,org.eclipse.debug.core.model,377,0.5,0.99765808,0.5,1,0,0.583333333,0.605504587
org.eclipse.debug.internal.core,3,15,0,11,4,0.733333333,0.266666667,0.482930265,org.eclipse.debug.internal.core,0,1,0,org.eclipse.debug.internal.core,3167,0.8,0.978922717,1,0.6,0.045777778,0.514510701,0.477942839
org.eclipse.debug.internal.ui,3,20,0.176470588,32,10,0.761904762,0.06162465,0.646446609,org.eclipse.debug.internal.ui,0,1,0,org.eclipse.debug.internal.ui,1660,0.882352941,0.932084309,1,1,0,0.480189339,0.485037887
org.eclipse.debug.internal.ui.actions,0,57,0.1875,31,4,0.885714286,0.073214286,0.631674627,org.eclipse.debug.internal.ui.actions,0,1,0,org.eclipse.debug.internal.ui.actions,2525,0.877192982,0.967213115,1,0.166666667,0.012219144,0.536126049,0.524034401
org.eclipse.debug.internal.ui.launchConfigurations,2,23,0.045454545,35,4,0.897435897,0.057109557,0.811438192,org.eclipse.debug.internal.ui.launchConfigurations,0,0.428571429,0,org.eclipse.debug.internal.ui.launchConfigurations,3793,0.739130435,0.955503513,1,0.636363636,0,0.400061366,0.388516186
org.eclipse.debug.internal.ui.preferences,2,15,0.071428571,25,6,0.806451613,0.122119816,0.703672618,org.eclipse.debug.internal.ui.preferences,0,1,0,org.eclipse.debug.internal.ui.preferences,1738,0.357142857,0.995316159,1,0.4,0,0.489065812,0.467341802
org.eclipse.debug.internal.ui.views,0,5,1.5,7,5,0.583333333,1.083333333,0.307179677,org.eclipse.debug.internal.ui.views,0,0.5,0.25,org.eclipse.debug.internal.ui.views,191,0.75,0.969555035,0.75,0,0.132,0.493780132,0.535725887
org.eclipse.debug.internal.ui.views.breakpoints,0,4,0,13,0,0,1,0.646446609,org.eclipse.debug.internal.ui.views.breakpoints,,1,0,org.eclipse.debug.internal.ui.views.breakpoints,236,0.5,1,1,1,0.1625,0.65630682,0.681282612
org.eclipse.debug.internal.ui.views.console,2,19,0.055555556,30,2,0.9375,0.006944444,1,org.eclipse.debug.internal.ui.views.console,0,0.5,0,org.eclipse.debug.internal.ui.views.console,2200,0.368421053,0.992974239,1,0.166666667,0.036288089,0.452735671,0.404258656
org.eclipse.debug.internal.ui.views.expression,3,3,0,12,0,0,1,1,org.eclipse.debug.internal.ui.views.expression,,1,0,org.eclipse.debug.internal.ui.views.expression,221,0,1,1,0.666666667,0,0.710102051,0.77489793
org.eclipse.debug.internal.ui.views.launch,3,6,0,27,1,0.964285714,0.035714286,0.292893219,org.eclipse.debug.internal.ui.views.launch,,1,0,org.eclipse.debug.internal.ui.views.launch,1470,0.166666667,0.99765808,1,1,0.111111111,0.464072234,0.440889694
org.eclipse.debug.internal.ui.views.variables,7,6,0.2,23,2,0.92,0.12,0.736476862,org.eclipse.debug.internal.ui.views.variables,0,1,0,org.eclipse.debug.internal.ui.views.variables,1070,0.5,0.990632319,0.854166667,0.571428571,0.111111111,0.482849336,0.415174308
org.eclipse.debug.ui,4,14,6,30,24,0.555555556,5.555555556,0.666666667,org.eclipse.debug.ui,0.285714286,,0.036111111,org.eclipse.debug.ui,1643,0.8,0.913348946,0.805357143,0,0,0.621995757,0.570116325
org.eclipse.debug.ui.actions,1,7,0.166666667,13,1,0.928571429,0.095238095,0.6917793,org.eclipse.debug.ui.actions,,,0,org.eclipse.debug.ui.actions,456,0.571428571,0.99765808,1,1,0,0.470281759,0.48812333
org.eclipse.debug.ui.console,1,6,2,11,5,0.6875,1.6875,0.575735931,org.eclipse.debug.ui.console,0.4,0,0.291666667,org.eclipse.debug.ui.console,144,0.99765808,0.990632319,0.5,0,0,0.75,0.809090909
org.eclipse.help,0,6,0,1,13,0.071428571,0.928571429,0.686355646,org.eclipse.help,0.714285714,0,0.032407407,org.eclipse.help,43,1,1,0,0,0.166666667,0,0
org.eclipse.help.browser,0,2,0,1,8,0.111111111,0.888888889,0.387627564,org.eclipse.help.browser,0,0,0,org.eclipse.help.browser,15,1,1,0,0,0,0,0
org.eclipse.help.internal,1,5,0,16,12,0.571428571,0.428571429,0.74287919,org.eclipse.help.internal,0,1,0,org.eclipse.help.internal,627,0.8,0.953161593,0.8,0.6,0,0.625898672,0.664672533
org.eclipse.help.internal.appserver,0,5,0.25,7,5,0.583333333,0.166666667,0.575735931,org.eclipse.help.internal.appserver,0.125,0,0,org.eclipse.help.internal.appserver,419,0.75,0.988290398,1,1,0,0.815742542,0.758018972
org.eclipse.help.internal.browser,0,9,0,8,5,0.615384615,0.384615385,0.419711543,org.eclipse.help.internal.browser,0,0.4,0,org.eclipse.help.internal.browser,722,1,0.988290398,1,0,0.075308642,0.652596573,0.578136363
org.eclipse.help.internal.browser.macosx,0,2,0,3,0,0,1,0.292893219,org.eclipse.help.internal.browser.macosx,,1,0,org.eclipse.help.internal.browser.macosx,51,1,0.5,1,1,0,0.625,0.657142857
org.eclipse.help.internal.context,0,9,0.125,11,4,0.733333333,0.141666667,0.524926906,org.eclipse.help.internal.context,0,0.8,0,org.eclipse.help.internal.context,506,1,0.985948478,1,0.75,0.075308642,0.659457573,0.575473487
org.eclipse.help.internal.protocols,0,5,0,9,0,0,1,0.646446609,org.eclipse.help.internal.protocols,,,0,org.eclipse.help.internal.protocols,273,1,0.8,1,0,0,0.548972812,0.543201926
org.eclipse.help.internal.search,3,23,0.095238095,14,3,0.823529412,0.081232493,0.690640783,org.eclipse.help.internal.search,0,0.5,0,org.eclipse.help.internal.search,2177,0.952380952,0.976580796,1,0,0.031505986,0.569666063,0.514425727
org.eclipse.help.internal.standalone,1,6,0,5,1,0.833333333,0.166666667,0.717157288,org.eclipse.help.internal.standalone,0,0,0,org.eclipse.help.internal.standalone,766,1,0.666666667,1,0,0.111111111,0.682864036,0.735277636
org.eclipse.help.internal.toc,1,12,0.2,13,5,0.722222222,0.077777778,0.874032669,org.eclipse.help.internal.toc,0,0.666666667,0,org.eclipse.help.internal.toc,921,1,0.983606557,1,0.666666667,0.056944444,0.704734008,0.655047504
org.eclipse.help.internal.util,0,9,0.125,10,11,0.476190476,0.398809524,0.449117912,org.eclipse.help.internal.util,0,0,0.5,org.eclipse.help.internal.util,853,1,0.941451991,1,0,0,0.56786944,0.599551935
org.eclipse.help.internal.webapp,1,2,0,5,2,0.714285714,0.285714286,1,org.eclipse.help.internal.webapp,0,0,0,org.eclipse.help.internal.webapp,77,0.5,0.992974239,1,0,0.3,0.833333333,0.91025641
org.eclipse.help.internal.webapp.data,6,15,0,15,1,0.9375,0.0625,0.807152696,org.eclipse.help.internal.webapp.data,0,0.777777778,0,org.eclipse.help.internal.webapp.data,1367,1,0.995316159,1,0,0.045777778,0.64507807,0.580036358
org.eclipse.help.internal.webapp.servlet,2,12,0.090909091,13,0,0,0.909090909,0.595938982,org.eclipse.help.internal.webapp.servlet,,1,0,org.eclipse.help.internal.webapp.servlet,957,1,1,1,0,0.056944444,0.688578607,0.663966916
org.eclipse.help.internal.workingset,0,8,0.142857143,12,4,0.75,0.107142857,0.670650528,org.eclipse.help.internal.workingset,0,0.210526316,0.25,org.eclipse.help.internal.workingset,633,1,0.971896956,1,0.142857143,0.08125,0.524531804,0.512679706
org.eclipse.help.standalone,0,2,0,4,0,0,1,1,org.eclipse.help.standalone,,1,0,org.eclipse.help.standalone,63,1,1,1,0,0.3,0.714285714,0.678571429
org.eclipse.help.ui.browser,0,1,0,10,0,0,1,1,org.eclipse.help.ui.browser,,1,0,org.eclipse.help.ui.browser,42,1,1,1,1,0.5,1,1
org.eclipse.help.ui.internal,0,12,0.2,27,5,0.84375,0.04375,0.581548042,org.eclipse.help.ui.internal,0,0.15,0,org.eclipse.help.ui.internal,1149,0.6,0.990632319,1,0.571428571,0.055497144,0.553375683,0.56251493
org.eclipse.help.ui.internal.browser,0,3,0,15,0,0,1,0.292893219,org.eclipse.help.ui.internal.browser,,1,0,org.eclipse.help.ui.internal.browser,244,0.666666667,1,1,1,0,0.698299943,0.510816643
org.eclipse.help.ui.internal.browser.win32,0,9,0.285714286,18,0,0,0.714285714,0.575735931,org.eclipse.help.ui.internal.browser.win32,,1,0,org.eclipse.help.ui.internal.browser.win32,1223,0.714285714,1,1,0.125,0.087962963,0.518247418,0.541112357
org.eclipse.help.ui.internal.search,2,4,0,23,0,0,1,0.646446609,org.eclipse.help.ui.internal.search,,0.857142857,0,org.eclipse.help.ui.internal.search,546,0.25,1,1,0.083333333,0.1625,0.569752644,0.625312865
org.eclipse.help.ui.internal.util,0,5,0,15,6,0.714285714,0.285714286,0.76429774,org.eclipse.help.ui.internal.util,0,0,0,org.eclipse.help.ui.internal.util,347,0.8,0.971896956,1,0.125,0.132,0.59904344,0.626961567
org.eclipse.help.ui.internal.workingset,0,5,0,17,1,0.944444444,0.055555556,0.472953723,org.eclipse.help.ui.internal.workingset,,0.857142857,0,org.eclipse.help.ui.internal.workingset,576,0.6,0.99765808,1,1,0,0.637722639,0.549172086
org.eclipse.jdi,0,3,0.5,5,6,0.454545455,0.045454545,0.646446609,org.eclipse.jdi,0.333333333,0,0,org.eclipse.jdi,36,1,0.983606557,1,0,0,0.5,0.583333333
org.eclipse.jdi.hcr,0,6,5,3,4,0.428571429,4.428571429,0.315346803,org.eclipse.jdi.hcr,0.2,0,0.027777778,org.eclipse.jdi.hcr,45,1,0.995316159,0,0,0.133099688,0,1
org.eclipse.jdi.internal,3,46,0.179487179,19,6,0.76,0.060512821,0.883249735,org.eclipse.jdi.internal,0,0.6,0,org.eclipse.jdi.internal,6469,0.995316159,0.946135831,0.99958194,0.833333333,0.014839319,0.437566651,0.421016017
org.eclipse.jdi.internal.connect,1,11,0.375,10,2,0.833333333,0.208333333,0.655286843,org.eclipse.jdi.internal.connect,0,1,0,org.eclipse.jdi.internal.connect,860,1,0.978922717,1,0.2,0.061983471,0.651602857,0.580521164
org.eclipse.jdi.internal.event,0,21,0.166666667,12,2,0.857142857,0.023809524,0.513944448,org.eclipse.jdi.internal.event,,0.666666667,0,org.eclipse.jdi.internal.event,749,0.857142857,0.967213115,1,0.75,0.032879819,0.424280021,0.444536075
org.eclipse.jdi.internal.jdwp,0,19,0.117647059,5,4,0.555555556,0.326797386,0.334487735,org.eclipse.jdi.internal.jdwp,0.043478261,0,0,org.eclipse.jdi.internal.jdwp,725,1,0.263157895,1,0,0,0.395078996,0.412349408
org.eclipse.jdi.internal.request,0,18,0.125,10,2,0.833333333,0.041666667,0.547144477,org.eclipse.jdi.internal.request,0,1,0,org.eclipse.jdi.internal.request,881,0.888888889,0.992974239,1,1,0,0.350530303,0.301254584
org.eclipse.jdi.internal.spy,0,8,0.142857143,6,0,0,0.857142857,0.76429774,org.eclipse.jdi.internal.spy,,0.5,0,org.eclipse.jdi.internal.spy,2918,0.875,1,1,0.020408163,0.084375,0.353826411,0.331296834
org.eclipse.jdt.core,3,54,3.5,19,95,0.166666667,2.666666667,0.777613139,org.eclipse.jdt.core,0.326530612,0.074074074,0.001352673,org.eclipse.jdt.core,4420,0.642857143,0.414519906,0.93877551,0.25,0,0.476568003,0.45398594
org.eclipse.jdt.core.compiler,0,5,1.5,2,52,0.037037037,0.537037037,0.303564655,org.eclipse.jdt.core.compiler,0.019607843,0,0.15625,org.eclipse.jdt.core.compiler,1368,1,0.859484778,1,0,0.157476636,0.5,0.504259851
org.eclipse.jdt.core.dom,7,89,0.171052632,14,28,0.333333333,0.495614035,0.874005264,org.eclipse.jdt.core.dom,0.044776119,0.444444444,0.041208791,org.eclipse.jdt.core.dom,12130,0.981264637,0.161592506,0.994762313,0.5,0.007839919,0.427259197,0.296034949
org.eclipse.jdt.core.eval,0,3,0,5,4,0.555555556,0.444444444,0.604715292,org.eclipse.jdt.core.eval,0,0,0.020833333,org.eclipse.jdt.core.eval,78,1,1,0,0,0,0,0
org.eclipse.jdt.core.jdom,0,12,5,4,1,0.8,4.8,0.646446609,org.eclipse.jdt.core.jdom,0.434782609,0,0.015873016,org.eclipse.jdt.core.jdom,211,1,0.5,1,0.222222222,0,0.5,0.538461538
org.eclipse.jdt.core.search,0,6,5,11,31,0.261904762,4.261904762,0.441721093,org.eclipse.jdt.core.search,0,0.02173913,0.037037037,org.eclipse.jdt.core.search,387,1,0.93442623,1,0.555555556,0.094327622,1,1
org.eclipse.jdt.core.util,0,27,5.75,5,4,0.555555556,5.305555556,0.700057676,org.eclipse.jdt.core.util,0,0,0.000245942,org.eclipse.jdt.core.util,1406,1,0,1,0,0.025651578,0.338715637,0.448390111
org.eclipse.jdt.debug.core,2,27,26,8,15,0.347826087,25.34782609,0.689285968,org.eclipse.jdt.debug.core,0.387323944,0.068181818,0.00617284,org.eclipse.jdt.debug.core,434,1,0.974238876,1,0.117647059,0.018166288,1,1
org.eclipse.jdt.debug.eval,0,7,6,6,7,0.461538462,5.461538462,0.754829818,org.eclipse.jdt.debug.eval,0.238095238,,0.052777778,org.eclipse.jdt.debug.eval,76,1,0.992974239,1,0,0,1,1
org.eclipse.jdt.debug.ui,0,3,0.5,16,7,0.695652174,0.195652174,0.361123435,org.eclipse.jdt.debug.ui,0,0.466666667,0,org.eclipse.jdt.debug.ui,299,0.5,0.990632319,1,0.416666667,0.205648272,0.625,0.668478261
org.eclipse.jdt.debug.ui.launchConfigurations,3,9,0,31,3,0.911764706,0.088235294,0.333333333,org.eclipse.jdt.debug.ui.launchConfigurations,0,0.6,0,org.eclipse.jdt.debug.ui.launchConfigurations,2431,0.111111111,0.969555035,1,1,0.075308642,0.652341802,0.626456291
org.eclipse.jdt.internal.codeassist,3,6,2,17,3,0.85,1.85,1,org.eclipse.jdt.internal.codeassist,0,0.384615385,0.055555556,org.eclipse.jdt.internal.codeassist,3370,0,0.990632319,1,0.833333333,0.108613336,0.605263158,0.607726597
org.eclipse.jdt.internal.codeassist.complete,2,32,0.032258065,9,1,0.9,0.067741935,0.401678877,org.eclipse.jdt.internal.codeassist.complete,0,0,0,org.eclipse.jdt.internal.codeassist.complete,3553,0.258064516,0.93676815,1,0,0.023554688,0.265827495,0.235070931
org.eclipse.jdt.internal.codeassist.impl,2,4,3,11,5,0.6875,2.6875,0.575735931,org.eclipse.jdt.internal.codeassist.impl,0.04,0,0.027777778,org.eclipse.jdt.internal.codeassist.impl,1213,0.666666667,0.983606557,0.5,0,0.199649533,0.452333532,0.519762894
org.eclipse.jdt.internal.codeassist.select,0,18,0,9,1,0.9,0.1,0.347286048,org.eclipse.jdt.internal.codeassist.select,0,0.285714286,0,org.eclipse.jdt.internal.codeassist.select,1091,0.055555556,0.985948478,1,0,0.037654321,0.346079442,0.317192574
org.eclipse.jdt.internal.compiler,1,16,0.777777778,12,23,0.342857143,0.120634921,0.520544969,org.eclipse.jdt.internal.compiler,0.005681818,0.92,0.099206349,org.eclipse.jdt.internal.compiler,5834,0.777777778,0.885245902,0.909222948,0.92,0,0.462384054,0.478949118
org.eclipse.jdt.internal.compiler.ast,3,88,0.189189189,12,17,0.413793103,0.397017707,0.785334662,org.eclipse.jdt.internal.compiler.ast,0.035294118,0.714285714,0.004807692,org.eclipse.jdt.internal.compiler.ast,14084,0.906323185,0.215456674,0.997443374,0.666666667,0.007271403,0.577316504,0.433434811
org.eclipse.jdt.internal.compiler.batch,0,6,0,11,2,0.846153846,0.153846154,0.387627564,org.eclipse.jdt.internal.compiler.batch,,0.708333333,0,org.eclipse.jdt.internal.compiler.batch,1751,1,0.995316159,1,0.173913043,0.112835249,0.529439082,0.373725424
org.eclipse.jdt.internal.compiler.classfmt,0,7,0.4,10,10,0.5,0.1,0.929289322,org.eclipse.jdt.internal.compiler.classfmt,0,0.5,0,org.eclipse.jdt.internal.compiler.classfmt,1257,1,0.957845433,1,0.466666667,0.095918367,0.575655908,0.554640307
org.eclipse.jdt.internal.compiler.codegen,3,17,0.214285714,9,6,0.6,0.185714286,1,org.eclipse.jdt.internal.compiler.codegen,0,0.125,0,org.eclipse.jdt.internal.compiler.codegen,8830,0.928571429,0.957845433,0.964285714,0.142857143,0,0.300838479,0.302291252
org.eclipse.jdt.internal.compiler.env,0,15,14,2,23,0.08,13.08,0.554257697,org.eclipse.jdt.internal.compiler.env,0.647058824,0,0.119230769,org.eclipse.jdt.internal.compiler.env,160,1,0.983606557,1,0,0.045777778,1,1
org.eclipse.jdt.internal.compiler.flow,0,11,0.1,8,4,0.666666667,0.233333333,0.878669565,org.eclipse.jdt.internal.compiler.flow,0,0.28125,4,org.eclipse.jdt.internal.compiler.flow,1407,1,0.964871194,1,0.518518519,0.054063821,0.56209455,0.512108838
org.eclipse.jdt.internal.compiler.impl,1,13,0.3,10,21,0.322580645,0.377419355,0.396523676,org.eclipse.jdt.internal.compiler.impl,0.133333333,0.428571429,0.388888889,org.eclipse.jdt.internal.compiler.impl,2413,1,0.272727273,1,0.25,0.052662722,0.528318691,0.345122515
org.eclipse.jdt.internal.compiler.lookup,2,41,0.464285714,12,21,0.363636364,0.172077922,0.976356398,org.eclipse.jdt.internal.compiler.lookup,0,0.071428571,0.069444444,org.eclipse.jdt.internal.compiler.lookup,8001,0.99765808,0.557377049,0.99872449,0.2,0.01049456,0.489094594,0.442873306
org.eclipse.jdt.internal.compiler.parser,2,19,0.117647059,11,17,0.392857143,0.489495798,0.798960544,org.eclipse.jdt.internal.compiler.parser,0,0,0,org.eclipse.jdt.internal.compiler.parser,9789,0.823529412,0.880562061,0.958803033,0,0.023620136,0.308112855,0.311962446
org.eclipse.jdt.internal.compiler.problem,0,10,0.111111111,11,20,0.35483871,0.534050179,0.394940549,org.eclipse.jdt.internal.compiler.problem,0,0,0,org.eclipse.jdt.internal.compiler.problem,3476,0.99765808,0.896955504,1,0,0,0.286289523,0.289693689
org.eclipse.jdt.internal.compiler.util,0,9,0,6,17,0.260869565,0.739130435,0.833621934,org.eclipse.jdt.internal.compiler.util,0,0.012345679,0,org.eclipse.jdt.internal.compiler.util,884,1,0.111111111,1,0.071428571,0.076556479,0.7389506,0.617878816
org.eclipse.jdt.internal.core,19,114,0.14,33,16,0.673469388,0.186530612,0.911918025,org.eclipse.jdt.internal.core,0,,0,org.eclipse.jdt.internal.core,22808,0.918918919,0.789227166,1,0,0.00877193,0.454327039,0.408010736
org.eclipse.jdt.internal.core.builder,4,20,0.111111111,15,3,0.833333333,0.055555556,0.670016835,org.eclipse.jdt.internal.core.builder,0,1,1,org.eclipse.jdt.internal.core.builder,3008,0.9,0.985948478,0.986631016,0,0.0345,0.530818393,0.471127627
org.eclipse.jdt.internal.core.eval,0,3,0,11,1,0.916666667,0.083333333,0.292893219,org.eclipse.jdt.internal.core.eval,,1,0,org.eclipse.jdt.internal.core.eval,372,1,0.99765808,1,1,0.211111111,0.498164439,0.488935184
org.eclipse.jdt.internal.core.hierarchy,0,9,0.285714286,22,3,0.88,0.165714286,0.76429774,org.eclipse.jdt.internal.core.hierarchy,0,0.722222222,0,org.eclipse.jdt.internal.core.hierarchy,2952,1,0.990632319,1,0.648648649,0.065432099,0.482234876,0.499080027
org.eclipse.jdt.internal.core.index,0,7,6,4,4,0.5,5.5,0.646446609,org.eclipse.jdt.internal.core.index,0.3125,0,0.034188034,org.eclipse.jdt.internal.core.index,63,1,1,1,0,0,1,1
org.eclipse.jdt.internal.core.index.impl,1,34,0.307692308,11,5,0.6875,0.004807692,0.823364783,org.eclipse.jdt.internal.core.index.impl,0,0.8,0.02173913,org.eclipse.jdt.internal.core.index.impl,3317,0.967741935,0.483870968,1,0,0.020242215,0.53799485,0.521050713
org.eclipse.jdt.internal.core.jdom,2,15,0.25,12,2,0.857142857,0.107142857,0.774089613,org.eclipse.jdt.internal.core.jdom,0,0.833333333,0,org.eclipse.jdt.internal.core.jdom,2810,0.928571429,0.995316159,1,0.714285714,0,0.596232584,0.552651118
org.eclipse.jdt.internal.core.search,0,12,0.333333333,14,6,0.7,0.033333333,0.734834957,org.eclipse.jdt.internal.core.search,0,0.2,0,org.eclipse.jdt.internal.core.search,1204,1,0.976580796,1,0.2,0.056944444,0.681034483,0.5642252
org.eclipse.jdt.internal.core.search.indexing,1,18,0.285714286,20,5,0.8,0.085714286,0.889602989,org.eclipse.jdt.internal.core.search.indexing,0,0.928571429,0,org.eclipse.jdt.internal.core.search.indexing,2456,0.941176471,0.981264637,1,0.821428571,0.041049383,0.470228037,0.463157059
org.eclipse.jdt.internal.core.search.matching,4,36,0.125,27,2,0.931034483,0.056034483,0.913623074,org.eclipse.jdt.internal.core.search.matching,0,0.833333333,0,org.eclipse.jdt.internal.core.search.matching,9511,0.944444444,0.978922717,1,0.526315789,0.019290123,0.545427282,0.474638417
org.eclipse.jdt.internal.core.search.processing,3,2,0,5,5,0.5,0.5,0.35192593,org.eclipse.jdt.internal.core.search.processing,0.25,0.206896552,0,org.eclipse.jdt.internal.core.search.processing,327,0.99765808,0.988290398,0,0.294117647,0.254854621,1,1
org.eclipse.jdt.internal.core.util,0,33,0.178571429,10,6,0.625,0.196428571,0.629377401,org.eclipse.jdt.internal.core.util,0,0.004761905,0,org.eclipse.jdt.internal.core.util,9121,0.992974239,0.533333333,0.982051282,0.333333333,0.021028466,0.312425592,0.32307637
org.eclipse.jdt.internal.corext,0,4,0,8,32,0.2,0.8,0.889514565,org.eclipse.jdt.internal.corext,0,0,0,org.eclipse.jdt.internal.corext,125,0.75,0.25,1,0,0,0.539240208,0.610337341
org.eclipse.jdt.internal.corext.codemanipulation,9,27,0.173913043,20,19,0.512820513,0.313266444,0.752862212,org.eclipse.jdt.internal.corext.codemanipulation,0,1,0,org.eclipse.jdt.internal.corext.codemanipulation,3666,0.791666667,0.861826698,1,0.666666667,0.025651578,0.490236519,0.422072142
org.eclipse.jdt.internal.corext.dom,4,23,0.045454545,10,15,0.4,0.554545455,0.622179683,org.eclipse.jdt.internal.corext.dom,0,0.764705882,0,org.eclipse.jdt.internal.corext.dom,4929,0.608695652,0.850117096,0.977908343,0.375,0.030056711,0.432557102,0.399295163
org.eclipse.jdt.internal.corext.dom.fragments,0,9,0.5,6,1,0.857142857,0.357142857,0.797969491,org.eclipse.jdt.internal.corext.dom.fragments,0,,1,org.eclipse.jdt.internal.corext.dom.fragments,489,0.857142857,0.99765808,1,0.5,0,0.42655647,0.423829528
org.eclipse.jdt.internal.corext.javadoc,0,5,0.25,16,6,0.727272727,0.022727273,0.688195218,org.eclipse.jdt.internal.corext.javadoc,0,0.4,0,org.eclipse.jdt.internal.corext.javadoc,609,0.8,0.981264637,0.85,0.5,0,0.514878027,0.46383459
org.eclipse.jdt.internal.corext.refactoring,3,12,0.090909091,15,16,0.483870968,0.425219941,0.72749567,org.eclipse.jdt.internal.corext.refactoring,0,1,0,org.eclipse.jdt.internal.corext.refactoring,1341,0.75,0.887587822,0.933333333,0.882352941,0.056944444,0.524594515,0.49305675
org.eclipse.jdt.internal.corext.refactoring.base,1,19,1.111111111,12,18,0.4,0.511111111,0.737761006,org.eclipse.jdt.internal.corext.refactoring.base,0.142857143,1,0.055555556,org.eclipse.jdt.internal.corext.refactoring.base,808,0.976580796,0.824355972,0.924384027,1,0,0.480930068,0.521048511
org.eclipse.jdt.internal.corext.refactoring.changes,2,32,0.333333333,11,11,0.5,0.166666667,0.328102477,org.eclipse.jdt.internal.corext.refactoring.changes,0,,0,org.eclipse.jdt.internal.corext.refactoring.changes,1936,0.5625,0.889929742,1,1,0,0.596900133,0.531182031
org.eclipse.jdt.internal.corext.refactoring.code,8,24,0.043478261,21,4,0.84,0.116521739,0.623489203,org.eclipse.jdt.internal.corext.refactoring.code,0,0.333333333,0,org.eclipse.jdt.internal.corext.refactoring.code,7072,0.458333333,0.960187354,1,0.142857143,0.028819444,0.499367233,0.551047447
org.eclipse.jdt.internal.corext.refactoring.code.flow,1,20,0.111111111,6,1,0.857142857,0.031746032,0.925567707,org.eclipse.jdt.internal.corext.refactoring.code.flow,0,1,0,org.eclipse.jdt.internal.corext.refactoring.code.flow,1708,0.95,0.990632319,1,0,0,0.321652051,0.34632657
org.eclipse.jdt.internal.corext.refactoring.nls,1,8,0,19,3,0.863636364,0.136363636,0.622876383,org.eclipse.jdt.internal.corext.refactoring.nls,0,0,0,org.eclipse.jdt.internal.corext.refactoring.nls,1249,0.875,0.985948478,1,0.444444444,0,0.385787763,0.398738856
org.eclipse.jdt.internal.corext.refactoring.nls.changes,0,4,0,11,4,0.733333333,0.266666667,0.524926906,org.eclipse.jdt.internal.corext.refactoring.nls.changes,0,0.2,0,org.eclipse.jdt.internal.corext.refactoring.nls.changes,238,0.5,0.990632319,0.75,0,0.2,0.571973915,0.615439887
org.eclipse.jdt.internal.corext.refactoring.rename,2,24,0.043478261,18,6,0.75,0.206521739,0.823223305,org.eclipse.jdt.internal.corext.refactoring.rename,0,1,0,org.eclipse.jdt.internal.corext.refactoring.rename,4033,0.541666667,0.950819672,1,0,0.028819444,0.47489262,0.520616985
org.eclipse.jdt.internal.corext.refactoring.reorg,2,13,0.444444444,19,6,0.76,0.204444444,0.626159199,org.eclipse.jdt.internal.corext.refactoring.reorg,0.083333333,0.125,0.025,org.eclipse.jdt.internal.corext.refactoring.reorg,2484,0.6,0.957845433,1,0.5,0,0.53160629,0.561908289
org.eclipse.jdt.internal.corext.refactoring.sef,0,6,0,17,1,0.944444444,0.055555556,0.532292827,org.eclipse.jdt.internal.corext.refactoring.sef,,0.9375,0,org.eclipse.jdt.internal.corext.refactoring.sef,624,0,0.99765808,1,0.533333333,0.117361111,0.437262884,0.440068209
org.eclipse.jdt.internal.corext.refactoring.structure,7,25,0.041666667,25,4,0.862068966,0.096264368,0.848477118,org.eclipse.jdt.internal.corext.refactoring.structure,0.027027027,,0,org.eclipse.jdt.internal.corext.refactoring.structure,9732,0.666666667,0.955503513,1,0.5,0,0.441508407,0.45025509
org.eclipse.jdt.internal.corext.refactoring.surround,0,5,0.25,16,2,0.888888889,0.138888889,0.646446609,org.eclipse.jdt.internal.corext.refactoring.surround,0,0.25,0,org.eclipse.jdt.internal.corext.refactoring.surround,459,0,0.992974239,1,0.5,0.132,0.723453073,0.645937175
org.eclipse.jdt.internal.corext.refactoring.tagging,0,4,0,3,5,0.375,0.625,0.35192593,org.eclipse.jdt.internal.corext.refactoring.tagging,0.222222222,,0.375,org.eclipse.jdt.internal.corext.refactoring.tagging,36,1,1,0,0,0,0,0
org.eclipse.jdt.internal.corext.refactoring.util,1,10,0.111111111,16,13,0.551724138,0.337164751,0.301311457,org.eclipse.jdt.internal.corext.refactoring.util,0,0.2,0,org.eclipse.jdt.internal.corext.refactoring.util,838,0.8,0.920374707,0.91,0.142857143,0.068,0.611976524,0.603468567
org.eclipse.jdt.internal.corext.template,0,15,0.5,14,10,0.583333333,0.083333333,0.823223305,org.eclipse.jdt.internal.corext.template,0.076923077,0.166666667,0.25,org.eclipse.jdt.internal.corext.template,890,0.992974239,0.887587822,0.973214286,0,0.045777778,0.649663352,0.535109469
org.eclipse.jdt.internal.corext.template.java,1,12,0.2,22,6,0.785714286,0.014285714,0.878521836,org.eclipse.jdt.internal.corext.template.java,0,0.4,0,org.eclipse.jdt.internal.corext.template.java,1405,0.583333333,0.969555035,1,0.333333333,0.069444444,0.490108473,0.586302009
org.eclipse.jdt.internal.corext.textmanipulation,0,20,0.25,15,17,0.46875,0.28125,1,org.eclipse.jdt.internal.corext.textmanipulation,0,1,0.083333333,org.eclipse.jdt.internal.corext.textmanipulation,1787,0.981264637,0.782201405,0.982777778,0.166666667,0.0415,0.500515464,0.517459931
org.eclipse.jdt.internal.corext.util,3,15,0.071428571,14,39,0.264150943,0.664420485,0.458361023,org.eclipse.jdt.internal.corext.util,0,0,0.25,org.eclipse.jdt.internal.corext.util,1799,0.99765808,0.772833724,0.994871795,0.428571429,0,0.53939811,0.52287351
org.eclipse.jdt.internal.debug.core,2,4,0.333333333,11,9,0.55,0.116666667,0.838029114,org.eclipse.jdt.internal.debug.core,0.083333333,0.25,0,org.eclipse.jdt.internal.debug.core,685,0.666666667,0.974238876,1,0.111111111,0.1625,0.658215734,0.791991595
org.eclipse.jdt.internal.debug.core.breakpoints,4,9,0.125,13,2,0.866666667,0.008333333,0.646446609,org.eclipse.jdt.internal.debug.core.breakpoints,0,1,0,org.eclipse.jdt.internal.debug.core.breakpoints,2275,0.888888889,0.978922717,1,0,0.091975309,0.543081658,0.579168458
org.eclipse.jdt.internal.debug.core.hcr,2,6,0.2,16,1,0.941176471,0.141176471,0.333333333,org.eclipse.jdt.internal.debug.core.hcr,0,1,0,org.eclipse.jdt.internal.debug.core.hcr,1584,0.833333333,0.99765808,1,0,0.136111111,0.518564336,0.516718825
org.eclipse.jdt.internal.debug.core.model,10,27,0.173913043,14,8,0.636363636,0.18972332,0.911611652,org.eclipse.jdt.internal.debug.core.model,0,1,0,org.eclipse.jdt.internal.debug.core.model,5027,0.961538462,0.93676815,1,0,0.025651578,0.416065212,0.381897911
org.eclipse.jdt.internal.debug.eval,0,3,0,12,1,0.923076923,0.076923077,0.387627564,org.eclipse.jdt.internal.debug.eval,0,0.611111111,0,org.eclipse.jdt.internal.debug.eval,864,1,0.99765808,1,0.306451613,0.211111111,0.494534528,0.451371979
org.eclipse.jdt.internal.debug.eval.ast.engine,0,11,0.1,12,2,0.857142857,0.042857143,0.734834957,org.eclipse.jdt.internal.debug.eval.ast.engine,0,0.157894737,1.25,org.eclipse.jdt.internal.debug.eval.ast.engine,3989,0.8,0.995316159,1,0.021052632,0.061983471,0.436442222,0.412841621
org.eclipse.jdt.internal.debug.eval.ast.instructions,1,76,0.101449275,13,1,0.928571429,0.030020704,0.923556024,org.eclipse.jdt.internal.debug.eval.ast.instructions,0,0.5,0.083333333,org.eclipse.jdt.internal.debug.eval.ast.instructions,2768,1,0.838407494,1,0.857142857,0,0.419288025,0.398858105
org.eclipse.jdt.internal.debug.ui,8,48,0.090909091,52,8,0.866666667,0.042424242,0.788994929,org.eclipse.jdt.internal.debug.ui,0,0.5,0,org.eclipse.jdt.internal.debug.ui,6441,0.622222222,0.911007026,1,1,0,0.41977592,0.386022804
org.eclipse.jdt.internal.debug.ui.actions,4,87,0.175675676,45,3,0.9375,0.113175676,0.579316219,org.eclipse.jdt.internal.debug.ui.actions,0,,0,org.eclipse.jdt.internal.debug.ui.actions,7471,0.827586207,0.941451991,1,1,0,0.417684232,0.40524758
org.eclipse.jdt.internal.debug.ui.console,0,7,0,14,0,0,1,0.717157288,org.eclipse.jdt.internal.debug.ui.console,,0.4,0,org.eclipse.jdt.internal.debug.ui.console,540,1,1,1,0.111111111,0.095918367,0.558922017,0.461996464
org.eclipse.jdt.internal.debug.ui.display,2,11,0.1,32,3,0.914285714,0.014285714,0.671808363,org.eclipse.jdt.internal.debug.ui.display,0,0.428571429,0.25,org.eclipse.jdt.internal.debug.ui.display,1070,0.5,0.988290398,0.966666667,1,0.061983471,0.428564975,0.426393367
org.eclipse.jdt.internal.debug.ui.launcher,5,42,0.105263158,45,4,0.918367347,0.023630505,0.717157288,org.eclipse.jdt.internal.debug.ui.launcher,0,0.166666667,0,org.eclipse.jdt.internal.debug.ui.launcher,4329,0.525,0.950819672,1,0,0.016553288,0.49979932,0.466301424
org.eclipse.jdt.internal.debug.ui.monitors,1,16,0.142857143,15,0,0,0.857142857,0.696954237,org.eclipse.jdt.internal.debug.ui.monitors,,1.333333333,0,org.eclipse.jdt.internal.debug.ui.monitors,1218,0.8125,1,1,0.8,0.04296875,0.466720691,0.475979298
org.eclipse.jdt.internal.debug.ui.snippeteditor,4,17,0.133333333,50,2,0.961538462,0.094871795,0.891214341,org.eclipse.jdt.internal.debug.ui.snippeteditor,0,1,0,org.eclipse.jdt.internal.debug.ui.snippeteditor,2319,0.4375,0.988290398,1,0,0,0.384171429,0.37703132
org.eclipse.jdt.internal.eval,0,28,0.12,17,2,0.894736842,0.014736842,0.673106423,org.eclipse.jdt.internal.eval,0,0,0,org.eclipse.jdt.internal.eval,6401,0.423076923,0.990632319,1,0,0.02372449,0.522472308,0.446447667
org.eclipse.jdt.internal.formatter,0,1,0,8,1,0.888888889,0.111111111,0.292893219,org.eclipse.jdt.internal.formatter,,0.538461538,0,org.eclipse.jdt.internal.formatter,1914,1,0.99765808,1,0.042553191,0.512,1,1
org.eclipse.jdt.internal.formatter.impl,0,2,0,4,1,0.8,0.2,1,org.eclipse.jdt.internal.formatter.impl,0,0.333333333,0,org.eclipse.jdt.internal.formatter.impl,337,1,0,1,0,0.249649533,0.538461538,0.948571429
org.eclipse.jdt.internal.junit.launcher,3,8,0.333333333,31,1,0.96875,0.302083333,0.646446609,org.eclipse.jdt.internal.junit.launcher,,1,0,org.eclipse.jdt.internal.junit.launcher,1102,0.5,0.99765808,1,0,0.084375,0.452818466,0.465137721
org.eclipse.jdt.internal.junit.runner,0,2,0,7,1,0.875,0.125,1,org.eclipse.jdt.internal.junit.runner,,0.857142857,0,org.eclipse.jdt.internal.junit.runner,489,1,0,1,0,0.3,0.5,0.520089286
org.eclipse.jdt.internal.junit.ui,4,25,0.25,41,4,0.911111111,0.161111111,1,org.eclipse.jdt.internal.junit.ui,0,1,0,org.eclipse.jdt.internal.junit.ui,3585,0.476190476,0.985948478,1,0.403508772,0.027773793,0.486720614,0.457527402
org.eclipse.jdt.internal.junit.util,3,11,0.1,27,3,0.9,0,0.528595479,org.eclipse.jdt.internal.junit.util,0,0,0,org.eclipse.jdt.internal.junit.util,1053,0.9,0.971896956,1,0.8,0,0.625165249,0.587819659
org.eclipse.jdt.internal.junit.wizards,5,9,0.125,38,1,0.974358974,0.099358974,0.898984746,org.eclipse.jdt.internal.junit.wizards,0,0.166666667,0,org.eclipse.jdt.internal.junit.wizards,2418,0.555555556,0.995316159,1,0.333333333,0.091975309,0.553138232,0.533626154
org.eclipse.jdt.internal.launching,5,26,0,20,4,0.833333333,0.166666667,0.813919268,org.eclipse.jdt.internal.launching,0,0.083333333,0,org.eclipse.jdt.internal.launching,3297,0.653846154,0.955503513,0.986425339,0.277777778,0.026627219,0.478397981,0.476151065
org.eclipse.jdt.internal.launching.macosx,0,5,0,9,0,0,1,0.646446609,org.eclipse.jdt.internal.launching.macosx,,0,0,org.eclipse.jdt.internal.launching.macosx,267,0,1,1,0,0,0.556980526,0.505308444
org.eclipse.jdt.internal.launching.support,0,1,0,2,0,0,1,1,org.eclipse.jdt.internal.launching.support,,1,0,org.eclipse.jdt.internal.launching.support,12,1,1,1,0,0,1,1
org.eclipse.jdt.internal.ui,5,23,0.210526316,31,48,0.392405063,0.397068621,0.471514546,org.eclipse.jdt.internal.ui,0,0.666666667,0.25,org.eclipse.jdt.internal.ui,1542,0.842105263,0.796252927,1,0.666666667,0.030056711,0.436422823,0.424326502
org.eclipse.jdt.internal.ui.actions,4,16,0,34,14,0.708333333,0.291666667,0.708537892,org.eclipse.jdt.internal.ui.actions,0,0.2,0,org.eclipse.jdt.internal.ui.actions,1130,0.75,0.93442623,0.989690722,1,0.04296875,0.531373033,0.523121528
org.eclipse.jdt.internal.ui.browsing,1,24,0.142857143,35,4,0.897435897,0.04029304,0.512150223,org.eclipse.jdt.internal.ui.browsing,0,1,0,org.eclipse.jdt.internal.ui.browsing,4139,0.47826087,0.988290398,1,0.583333333,0.028819444,0.429167143,0.452226402
org.eclipse.jdt.internal.ui.compare,1,25,0.086956522,46,2,0.958333333,0.045289855,0.387627564,org.eclipse.jdt.internal.ui.compare,,1,0,org.eclipse.jdt.internal.ui.compare,2583,0.64,0.995316159,1,1,0,0.497646242,0.517580871
org.eclipse.jdt.internal.ui.dialogs,0,14,0.076923077,27,15,0.642857143,0.28021978,0.56795062,org.eclipse.jdt.internal.ui.dialogs,0,0,0,org.eclipse.jdt.internal.ui.dialogs,1176,0.714285714,0.915690867,0.975384615,0.666666667,0.048979592,0.567366514,0.656643642
org.eclipse.jdt.internal.ui.dnd,0,9,0.285714286,14,4,0.777777778,0.063492063,0.575735931,org.eclipse.jdt.internal.ui.dnd,0,,0,org.eclipse.jdt.internal.ui.dnd,467,0.571428571,0.962529274,0.875,0,0,0.613189911,0.648070806
org.eclipse.jdt.internal.ui.filters,1,17,0,20,5,0.8,0.2,0.787867966,org.eclipse.jdt.internal.ui.filters,0,1,0,org.eclipse.jdt.internal.ui.filters,701,0.117647059,0.983606557,1,1,0,0.410291561,0.382903755
org.eclipse.jdt.internal.ui.jarpackager,0,18,0.125,39,1,0.975,0.1,0.848477118,org.eclipse.jdt.internal.ui.jarpackager,0,1,0,org.eclipse.jdt.internal.ui.jarpackager,3874,0.588235294,0.995316159,1,1,0.038271605,0.502924118,0.485664476
org.eclipse.jdt.internal.ui.javadocexport,2,13,0.083333333,43,1,0.977272727,0.060606061,0.366569208,org.eclipse.jdt.internal.ui.javadocexport,0,0.666666667,0,org.eclipse.jdt.internal.ui.javadocexport,3184,0.769230769,0.99765808,1,0.454545455,0.052662722,0.45721895,0.470461623
org.eclipse.jdt.internal.ui.javaeditor,5,39,0.147058824,56,24,0.7,0.152941176,0.940616339,org.eclipse.jdt.internal.ui.javaeditor,0,0.857142857,0.02,org.eclipse.jdt.internal.ui.javaeditor,7029,0.457142857,0.899297424,0.997142857,1,0.017817226,0.446169252,0.373719193
org.eclipse.jdt.internal.ui.javaeditor.selectionactions,0,7,0.166666667,19,1,0.95,0.116666667,0.646446609,org.eclipse.jdt.internal.ui.javaeditor.selectionactions,0,,0,org.eclipse.jdt.internal.ui.javaeditor.selectionactions,554,0.571428571,0.983606557,1,0.5,0,0.518964712,0.551089896
org.eclipse.jdt.internal.ui.packageview,4,20,0,41,7,0.854166667,0.145833333,0.832485151,org.eclipse.jdt.internal.ui.packageview,0,1,0,org.eclipse.jdt.internal.ui.packageview,3343,0.2,0.976580796,0.95,0,0.0345,0.418439716,0.425979932
org.eclipse.jdt.internal.ui.preferences,10,37,0.027777778,45,15,0.75,0.222222222,0.839705648,org.eclipse.jdt.internal.ui.preferences,0,1,0,org.eclipse.jdt.internal.ui.preferences,7773,0.378378378,0.960187354,1,0.272727273,0.018772827,0.560109631,0.488206251
org.eclipse.jdt.internal.ui.refactoring,10,75,0.171875,54,8,0.870967742,0.042842742,0.895510818,org.eclipse.jdt.internal.ui.refactoring,0,0.5,0,org.eclipse.jdt.internal.ui.refactoring,8558,0.753623188,0.882903981,0.997649824,0,0,0.468859883,0.462484275
org.eclipse.jdt.internal.ui.refactoring.actions,3,14,0.076923077,37,3,0.925,0.001923077,0.58426029,org.eclipse.jdt.internal.ui.refactoring.actions,0,1,0,org.eclipse.jdt.internal.ui.refactoring.actions,1249,0.357142857,0.974238876,1,1,0.048979592,0.686289907,0.723296183
org.eclipse.jdt.internal.ui.refactoring.changes,1,2,0,8,4,0.666666667,0.333333333,0.469669914,org.eclipse.jdt.internal.ui.refactoring.changes,,0.333333333,0,org.eclipse.jdt.internal.ui.refactoring.changes,88,1,0.990632319,1,1,0.3,1,0.553571429
org.eclipse.jdt.internal.ui.refactoring.code,0,4,0,15,2,0.882352941,0.117647059,1,org.eclipse.jdt.internal.ui.refactoring.code,,,0,org.eclipse.jdt.internal.ui.refactoring.code,363,0,0.995316159,1,0,0.25,0.470014494,0.501413494
org.eclipse.jdt.internal.ui.refactoring.nls,0,7,0,31,1,0.96875,0.03125,0.292893219,org.eclipse.jdt.internal.ui.refactoring.nls,,1,0,org.eclipse.jdt.internal.ui.refactoring.nls,1202,0.428571429,0.99765808,1,0,0.095918367,0.47609519,0.427875291
org.eclipse.jdt.internal.ui.refactoring.nls.search,0,8,0,34,0,0,1,1,org.eclipse.jdt.internal.ui.refactoring.nls.search,,1,0,org.eclipse.jdt.internal.ui.refactoring.nls.search,1096,0.5,1,1,0,0.084375,0.433758956,0.402557483
org.eclipse.jdt.internal.ui.refactoring.sef,0,2,0,12,1,0.923076923,0.076923077,1,org.eclipse.jdt.internal.ui.refactoring.sef,,,0,org.eclipse.jdt.internal.ui.refactoring.sef,214,0,0.99765808,1,0,0,0.642857143,0.535502959
org.eclipse.jdt.internal.ui.reorg,2,25,0.136363636,39,4,0.906976744,0.043340381,0.693813782,org.eclipse.jdt.internal.ui.reorg,0,0.5,0.083333333,org.eclipse.jdt.internal.ui.reorg,3059,0.625,0.981264637,1,0.285714286,0.02768,0.562479334,0.529791561
org.eclipse.jdt.internal.ui.search,0,27,0.08,41,6,0.872340426,0.047659574,0.688041126,org.eclipse.jdt.internal.ui.search,0,1,0,org.eclipse.jdt.internal.ui.search,2688,0.576923077,0.955503513,0.997863248,1,0.025651578,0.525106402,0.445628134
org.eclipse.jdt.internal.ui.text,3,23,0.15,34,8,0.80952381,0.04047619,0.610244022,org.eclipse.jdt.internal.ui.text,0,1.333333333,0,org.eclipse.jdt.internal.ui.text,2602,0.772727273,0.964871194,0.980519481,0.111111111,0.031687146,0.565613916,0.532974556
org.eclipse.jdt.internal.ui.text.correction,6,36,0.058823529,49,3,0.942307692,0.001131222,0.56795062,org.eclipse.jdt.internal.ui.text.correction,0,0.833333333,0,org.eclipse.jdt.internal.ui.text.correction,5347,0.941176471,0.992974239,1,0.8,0,0.574106851,0.542876689
org.eclipse.jdt.internal.ui.text.java,2,26,0.130434783,40,8,0.833333333,0.036231884,0.690980122,org.eclipse.jdt.internal.ui.text.java,0,0.5,0.055555556,org.eclipse.jdt.internal.ui.text.java,3336,0.826086957,0.955503513,1,0.736842105,0.026627219,0.477538441,0.508400447
org.eclipse.jdt.internal.ui.text.java.hover,0,10,0.111111111,22,3,0.88,0.008888889,0.835958169,org.eclipse.jdt.internal.ui.text.java.hover,0,1,0,org.eclipse.jdt.internal.ui.text.java.hover,658,1,0.988290398,1,1,0.068,0.521780381,0.599825569
org.eclipse.jdt.internal.ui.text.javadoc,1,6,0,23,3,0.884615385,0.115384615,0.472953723,org.eclipse.jdt.internal.ui.text.javadoc,0,1,0,org.eclipse.jdt.internal.ui.text.javadoc,1435,0.5,0.988290398,1,0,0.111111111,0.581736018,0.559054242
org.eclipse.jdt.internal.ui.text.link,0,4,0.333333333,18,3,0.857142857,0.19047619,1,org.eclipse.jdt.internal.ui.text.link,0,0.516129032,0,org.eclipse.jdt.internal.ui.text.link,823,1,0.985948478,1,0.742857143,0.166071429,0.606374006,0.59294864
org.eclipse.jdt.internal.ui.text.template,0,5,0,17,7,0.708333333,0.291666667,0.361123435,org.eclipse.jdt.internal.ui.text.template,0,0.75,0,org.eclipse.jdt.internal.ui.text.template,432,1,0.976580796,1,1,0.132,0.642277392,0.569625638
org.eclipse.jdt.internal.ui.typehierarchy,1,27,0.125,35,2,0.945945946,0.070945946,0.32117749,org.eclipse.jdt.internal.ui.typehierarchy,,0.76,0,org.eclipse.jdt.internal.ui.typehierarchy,3022,0.307692308,0.995316159,1,0.5,0.025301293,0.369072868,0.349915292
org.eclipse.jdt.internal.ui.util,0,17,0,36,34,0.514285714,0.485714286,0.346621768,org.eclipse.jdt.internal.ui.util,0,0.4,0,org.eclipse.jdt.internal.ui.util,1478,0.764705882,0.81264637,1,0,0.040484429,0.619935111,0.576290755
org.eclipse.jdt.internal.ui.viewsupport,0,23,0.095238095,25,24,0.510204082,0.394557823,0.511415025,org.eclipse.jdt.internal.ui.viewsupport,0,0,0.25,org.eclipse.jdt.internal.ui.viewsupport,2012,0.523809524,0.796252927,0.970899471,0.333333333,0.030056711,0.511328434,0.45883278
org.eclipse.jdt.internal.ui.wizards,0,25,0.136363636,41,5,0.891304348,0.027667984,0.872624611,org.eclipse.jdt.internal.ui.wizards,0,1,0.25,org.eclipse.jdt.internal.ui.wizards,1758,0.666666667,0.983606557,1,1,0.02768,0.556763019,0.451496311
org.eclipse.jdt.internal.ui.wizards.buildpaths,3,31,0.033333333,39,5,0.886363636,0.08030303,0.705876088,org.eclipse.jdt.internal.ui.wizards.buildpaths,0,1,0,org.eclipse.jdt.internal.ui.wizards.buildpaths,5733,0.387096774,0.971896956,1,0.363636364,0.022372529,0.563388247,0.517170862
org.eclipse.jdt.internal.ui.wizards.dialogfields,0,16,0.333333333,11,6,0.647058824,0.019607843,0.513864088,org.eclipse.jdt.internal.ui.wizards.dialogfields,0,0.257142857,0,org.eclipse.jdt.internal.ui.wizards.dialogfields,2306,0.99765808,0.908665105,0.993421053,0.142857143,0.04296875,0.524751226,0.490844058
org.eclipse.jdt.internal.ui.workingsets,0,9,0,27,2,0.931034483,0.068965517,0.302783311,org.eclipse.jdt.internal.ui.workingsets,0,0.333333333,0,org.eclipse.jdt.internal.ui.workingsets,815,0.111111111,0.995316159,1,0.333333333,0.091975309,0.507450833,0.489181882
org.eclipse.jdt.junit,0,1,0,1,1,0.5,0.5,1,org.eclipse.jdt.junit,,0,0,org.eclipse.jdt.junit,14,1,1,0,0,0.799299065,0,0
org.eclipse.jdt.launching,6,23,1.555555556,12,14,0.461538462,1.017094017,1,org.eclipse.jdt.launching,0.161290323,0,0.033333333,org.eclipse.jdt.launching,2051,0.923076923,0.908665105,0.933333333,1,0,0.400162621,0.356887825
org.eclipse.jdt.launching.sourcelookup,1,8,0.142857143,15,5,0.75,0.107142857,0.755051026,org.eclipse.jdt.launching.sourcelookup,0,0.428571429,0.25,org.eclipse.jdt.launching.sourcelookup,1114,0.142857143,0.981264637,1,0.4,0.084375,0.775389662,0.557814158
org.eclipse.jdt.ui,2,18,0.8,36,45,0.444444444,0.244444444,0.532804532,org.eclipse.jdt.ui,0.1,0.333333333,0.009259259,org.eclipse.jdt.ui,1932,0.7,0.733021077,0.954761905,0.782608696,0.030786316,0.670160962,0.681974437
org.eclipse.jdt.ui.actions,20,76,0.04109589,57,11,0.838235294,0.120668815,0.459488675,org.eclipse.jdt.ui.actions,0,0.75,0,org.eclipse.jdt.ui.actions,8875,0.96,0.887587822,0.998039582,0.714285714,0.0091759,0.59509165,0.508406338
org.eclipse.jdt.ui.jarpackager,0,6,2,12,0,0,1,0.734834957,org.eclipse.jdt.ui.jarpackager,,0.666666667,0,org.eclipse.jdt.ui.jarpackager,465,1,1,1,0.6,0.111111111,0.53968254,0.766409266
org.eclipse.jdt.ui.refactoring,0,1,0,12,1,0.923076923,0.076923077,0.292893219,org.eclipse.jdt.ui.refactoring,0,0.090909091,0,org.eclipse.jdt.ui.refactoring,167,1,0.99765808,1,0.315789474,0.509299065,1,1
org.eclipse.jdt.ui.text,0,5,1.5,22,14,0.611111111,1.111111111,0.887061512,org.eclipse.jdt.ui.text,0,0.583333333,0,org.eclipse.jdt.ui.text,446,0.5,0.953161593,0.666666667,0.083333333,0.132,0.722222222,0.754347826
org.eclipse.jdt.ui.text.java,0,3,0,3,1,0.75,0.25,0.292893219,org.eclipse.jdt.ui.text.java,0,0,0.75,org.eclipse.jdt.ui.text.java,14,1,1,0,0,0.399649533,0,0
org.eclipse.jdt.ui.text.java.hover,0,1,0,2,1,0.666666667,0.333333333,1,org.eclipse.jdt.ui.text.java.hover,,,0,org.eclipse.jdt.ui.text.java.hover,6,1,1,0,0,0,0,0
org.eclipse.jdt.ui.wizards,3,10,1,34,5,0.871794872,0.871794872,0.625834261,org.eclipse.jdt.ui.wizards,0,0.421052632,0,org.eclipse.jdt.ui.wizards,2043,0.875,0.990632319,0.962962963,0.372881356,0.062302,0.481994381,0.420249511
org.eclipse.jface.action,1,27,1.25,13,88,0.128712871,0.378712871,0.724511557,org.eclipse.jface.action,0.418367347,0,0.005874154,org.eclipse.jface.action,2845,0.87587822,0.466042155,0.964922652,0.333333333,0.025651578,0.538717035,0.48197145
org.eclipse.jface.dialogs,4,16,1,16,108,0.129032258,0.129032258,0.919014557,org.eclipse.jface.dialogs,0.131868132,0.111111111,0.02967033,org.eclipse.jface.dialogs,1956,0.818181818,0.379391101,0.919500347,0.052631579,0.0453125,0.622924456,0.650120529
org.eclipse.jface.operation,0,4,1,6,63,0.086956522,0.086956522,0.316077444,org.eclipse.jface.operation,0.2,0.214285714,0,org.eclipse.jface.operation,257,0.5,0.976580796,1,0.375,0.1625,1,0.791946309
org.eclipse.jface.preference,4,26,0.625,13,61,0.175675676,0.199324324,0.713075318,org.eclipse.jface.preference,0.105263158,0.375,0.011612903,org.eclipse.jface.preference,3440,0.904761905,0.740046838,0.962794229,0.333333333,0.025255325,0.568686437,0.537172564
org.eclipse.jface.resource,2,11,0.222222222,10,96,0.094339623,0.683438155,0.657004897,org.eclipse.jface.resource,0,0.8,0.125,org.eclipse.jface.resource,1144,0.967213115,0.55971897,0.918918919,0.2,0.061983471,0.51325676,0.507978895
org.eclipse.jface.text,0,96,1.086956522,12,66,0.153846154,0.240802676,0.757988605,org.eclipse.jface.text,0.232758621,0,0.000534307,org.eclipse.jface.text,8561,0.96,0.473067916,0.989583333,0.333333333,0.007269965,0.351659225,0.327027359
org.eclipse.jface.text.contentassist,0,20,1,9,11,0.45,0.45,0.728035853,org.eclipse.jface.text.contentassist,0.260869565,1,0.007407407,org.eclipse.jface.text.contentassist,1960,0.9,0.981264637,0.9,0.666666667,0.042,0.450262364,0.437670841
org.eclipse.jface.text.formatter,0,3,2,3,3,0.5,1.5,0.736476862,org.eclipse.jface.text.formatter,0,0,0.0625,org.eclipse.jface.text.formatter,326,1,0.99765808,1,0,0,1,1
org.eclipse.jface.text.information,0,4,3,5,4,0.555555556,2.555555556,0.693813782,org.eclipse.jface.text.information,0.6,0.444444444,0.125,org.eclipse.jface.text.information,250,0,0.995316159,1,0.833333333,0.1625,1,1
org.eclipse.jface.text.presentation,0,4,3,3,7,0.3,2.3,1,org.eclipse.jface.text.presentation,0,0.4,0.055555556,org.eclipse.jface.text.presentation,278,1,0.990632319,1,0.846153846,0.17,1,1
org.eclipse.jface.text.reconciler,0,8,1,4,6,0.4,0.4,0.646446609,org.eclipse.jface.text.reconciler,0.4,1,0.03125,org.eclipse.jface.text.reconciler,466,0.992974239,0.978922717,0.914285714,1,0.084375,0.631539063,0.545538213
org.eclipse.jface.text.rules,0,24,0.5,5,9,0.357142857,0.142857143,0.882411053,org.eclipse.jface.text.rules,0.285714286,0.666666667,0.006944444,org.eclipse.jface.text.rules,1267,0.981264637,0.903981265,0.975,0.5,0.028819444,0.499126668,0.461929117
org.eclipse.jface.text.source,0,34,0.789473684,13,32,0.288888889,0.078362573,0.873392114,org.eclipse.jface.text.source,0.172413793,0.9,0.003218391,org.eclipse.jface.text.source,3768,0.9,0.882903981,0.966153846,0.8,0.020415225,0.565113832,0.50693708
org.eclipse.jface.util,1,7,0.75,8,94,0.078431373,0.171568627,0.49615276,org.eclipse.jface.util,0,1,0.25,org.eclipse.jface.util,425,0.8,0.655737705,1,0.333333333,0.095918367,0.599505052,0.475886053
org.eclipse.jface.viewers,6,62,1.583333333,12,107,0.100840336,0.684173669,0.619479664,org.eclipse.jface.viewers,0.047120419,0.25,0.000721501,org.eclipse.jface.viewers,5066,0.771428571,0.695550351,0.984127698,0.2,0.007944655,0.456041576,0.459558007
org.eclipse.jface.window,1,3,0.5,14,60,0.189189189,0.310810811,0.325463122,org.eclipse.jface.window,0,0.4,0,org.eclipse.jface.window,541,0.992974239,0.854800937,0.701492537,0,0.244444444,0.646845503,0.676310761
org.eclipse.jface.wizard,1,9,3.5,14,42,0.25,2.75,0.771588287,org.eclipse.jface.wizard,0.407407407,0.666666667,0.015,org.eclipse.jface.wizard,1141,0.4,0.81264637,0.802459016,0.5,0.075308642,0.615977266,0.500383912
org.eclipse.pde.ant,0,1,0,11,0,0,1,1,org.eclipse.pde.ant,,1,0,org.eclipse.pde.ant,138,1,1,1,0.2,0.5,1,1
org.eclipse.pde.core,0,9,8,4,29,0.121212121,7.121212121,0.528595479,org.eclipse.pde.core,0.433333333,0.058823529,0.060267857,org.eclipse.pde.core,108,0.99765808,0.981264637,1,1,0.075308642,1,1
org.eclipse.pde.core.build,0,4,0,3,8,0.272727273,0.727272727,0.617235728,org.eclipse.pde.core.build,0.166666667,,0.625,org.eclipse.pde.core.build,36,1,1,0,0,0,0,0
org.eclipse.pde.core.plugin,0,17,0,5,23,0.178571429,0.821428571,0.72673803,org.eclipse.pde.core.plugin,0.1,0,0.025390625,org.eclipse.pde.core.plugin,200,1,1,0,0,0.034560845,0,0
org.eclipse.pde.internal,0,5,0.25,8,5,0.615384615,0.134615385,0.893933983,org.eclipse.pde.internal,0,1,0,org.eclipse.pde.internal,243,0.6,0.988290398,1,1,0,0.515314037,0.508115345
org.eclipse.pde.internal.build,0,15,0.666666667,15,4,0.789473684,0.456140351,0.76429774,org.eclipse.pde.internal.build,0,0.5625,0,org.eclipse.pde.internal.build,1958,0.99765808,0.960187354,0.989010989,0.25,0,0.526818008,0.467841675
org.eclipse.pde.internal.build.ant,0,6,0.2,3,2,0.6,0.2,1,org.eclipse.pde.internal.build.ant,0,0.2,0,org.eclipse.pde.internal.build.ant,448,1,0.990632319,1,0.1,0.111111111,0.441197814,0.466243715
org.eclipse.pde.internal.build.tasks,0,3,0,8,0,0,1,1,org.eclipse.pde.internal.build.tasks,,1,0,org.eclipse.pde.internal.build.tasks,239,0,1,1,0,0.211111111,0.660388801,0.543400352
org.eclipse.pde.internal.builders,2,14,0.166666667,18,6,0.75,0.083333333,0.483064586,org.eclipse.pde.internal.builders,0,1,0,org.eclipse.pde.internal.builders,2185,0.666666667,0.983606557,1,0.333333333,0.048979592,0.578420291,0.492740783
org.eclipse.pde.internal.core,1,44,0.333333333,23,27,0.46,0.206666667,0.703831046,org.eclipse.pde.internal.core,0,0.444444444,0.017578125,org.eclipse.pde.internal.core,6204,0.771428571,0.737704918,0.974974975,0,0.015805785,0.536807401,0.390159045
org.eclipse.pde.internal.core.build,0,7,0.166666667,8,8,0.5,0.333333333,0.762463453,org.eclipse.pde.internal.core.build,0.142857143,0.533333333,0,org.eclipse.pde.internal.core.build,467,0.857142857,0.971896956,1,0.5,0.095918367,0.651279862,0.579850433
org.eclipse.pde.internal.core.feature,0,16,0.142857143,12,6,0.666666667,0.19047619,0.717157288,org.eclipse.pde.internal.core.feature,0,0.5,0,org.eclipse.pde.internal.core.feature,2229,0.875,0.93911007,1,0.5625,0.04296875,0.565270931,0.492346588
org.eclipse.pde.internal.core.ifeature,0,15,0,6,11,0.352941176,0.647058824,0.728035853,org.eclipse.pde.internal.core.ifeature,0.4,0,0.058333333,org.eclipse.pde.internal.core.ifeature,242,1,1,0,0,0.053239875,0,0
org.eclipse.pde.internal.core.ischema,0,18,0,4,10,0.285714286,0.714285714,0.677682007,org.eclipse.pde.internal.core.ischema,0.58490566,0,0.031176471,org.eclipse.pde.internal.core.ischema,154,1,1,0,0,0,0,0
org.eclipse.pde.internal.core.isite,0,13,0,6,6,0.5,0.5,0.887135789,org.eclipse.pde.internal.core.isite,0.214285714,0,0.038461538,org.eclipse.pde.internal.core.isite,163,1,1,0,0,0.061484543,0,0
org.eclipse.pde.internal.core.plugin,1,43,0.482758621,18,13,0.580645161,0.063403782,0.726191242,org.eclipse.pde.internal.core.plugin,0,0.925925926,0.011574074,org.eclipse.pde.internal.core.plugin,3544,0.72972973,0.847775176,1,0.153846154,0.016170903,0.498616867,0.497615802
org.eclipse.pde.internal.core.schema,0,21,0.235294118,12,8,0.6,0.164705882,0.811091395,org.eclipse.pde.internal.core.schema,0,1,0,org.eclipse.pde.internal.core.schema,2657,0.857142857,0.915690867,1,0.8,0.032879819,0.4411658,0.413240368
org.eclipse.pde.internal.core.search,0,4,0.333333333,7,1,0.875,0.208333333,0.528595479,org.eclipse.pde.internal.core.search,0,0.2,0,org.eclipse.pde.internal.core.search,230,0.99765808,0.992974239,1,0.666666667,0.162324766,0.703947718,0.709160296
org.eclipse.pde.internal.core.site,0,17,0.307692308,12,4,0.75,0.057692308,0.76429774,org.eclipse.pde.internal.core.site,0,0.571428571,0,org.eclipse.pde.internal.core.site,1754,0.764705882,0.974238876,1,0.5625,0.040484429,0.667421785,0.646114524
org.eclipse.pde.internal.core.util,0,1,0,2,2,0.5,0.5,0.292893219,org.eclipse.pde.internal.core.util,0,0.5,0,org.eclipse.pde.internal.core.util,263,1,0.995316159,1,0.1,0.5,1,1
org.eclipse.pde.internal.runtime,0,4,0.333333333,11,2,0.846153846,0.179487179,0.292893219,org.eclipse.pde.internal.runtime,0,0.25,0,org.eclipse.pde.internal.runtime,278,0.333333333,0.988290398,1,0,0.198196044,0.73642613,0.813314001
org.eclipse.pde.internal.runtime.logview,3,9,0,22,0,0,1,0.797969491,org.eclipse.pde.internal.runtime.logview,,0.75,0,org.eclipse.pde.internal.runtime.logview,941,0.444444444,1,1,0.666666667,0.075308642,0.498923337,0.552998724
org.eclipse.pde.internal.runtime.registry,0,18,0.2,15,1,0.9375,0.1375,0.575735931,org.eclipse.pde.internal.runtime.registry,,0.666666667,0,org.eclipse.pde.internal.runtime.registry,758,0.764705882,0.995316159,1,0.666666667,0,0.527809971,0.528834233
org.eclipse.pde.internal.ui,0,8,0.6,36,22,0.620689655,0.220689655,0.734100622,org.eclipse.pde.internal.ui,0,0.08,0,org.eclipse.pde.internal.ui,1084,0.4,0.894613583,1,0.166666667,0.094159725,0.474603079,0.529745802
org.eclipse.pde.internal.ui.ant,0,2,0,6,0,0,1,1,org.eclipse.pde.internal.ui.ant,,1,0,org.eclipse.pde.internal.ui.ant,96,1,1,1,0,0.3,1,0.944444444
org.eclipse.pde.internal.ui.codegen,0,3,0.5,10,4,0.714285714,0.214285714,0.532292827,org.eclipse.pde.internal.ui.codegen,0,1,0,org.eclipse.pde.internal.ui.codegen,554,0.99765808,0.988290398,0.888888889,1,0,0.569589827,0.492341787
org.eclipse.pde.internal.ui.editor,0,33,0.941176471,35,7,0.833333333,0.774509804,0.792970148,org.eclipse.pde.internal.ui.editor,0.085714286,0.5,0.006666667,org.eclipse.pde.internal.ui.editor,2721,0.533333333,0.847775176,0.968452381,1,0.021028466,0.520561593,0.522117169
org.eclipse.pde.internal.ui.editor.build,0,10,0,26,0,0,1,0.595938982,org.eclipse.pde.internal.ui.editor.build,,0.75,0,org.eclipse.pde.internal.ui.editor.build,896,0,1,1,0.166666667,0.068,0.560226901,0.555780376
org.eclipse.pde.internal.ui.editor.feature,0,48,0.043478261,49,1,0.98,0.023478261,0.410679061,org.eclipse.pde.internal.ui.editor.feature,,0.909090909,0,org.eclipse.pde.internal.ui.editor.feature,6082,0.1875,0.99765808,1,0.588235294,0.015967116,0.532876564,0.503968169
org.eclipse.pde.internal.ui.editor.manifest,0,69,0.029850746,60,6,0.909090909,0.061058345,0.472141007,org.eclipse.pde.internal.ui.editor.manifest,0,1,0,org.eclipse.pde.internal.ui.editor.manifest,9857,0.220588235,0.983606557,0.998039216,0,0.01010292,0.530345493,0.49639657
org.eclipse.pde.internal.ui.editor.schema,0,37,0.088235294,38,1,0.974358974,0.062594268,0.404156408,org.eclipse.pde.internal.ui.editor.schema,,1,0,org.eclipse.pde.internal.ui.editor.schema,3517,0.314285714,0.99765808,1,0.428571429,0.019673728,0.58742112,0.508988083
org.eclipse.pde.internal.ui.editor.site,0,32,0.103448276,40,1,0.975609756,0.079058032,0.387627564,org.eclipse.pde.internal.ui.editor.site,0,0.9,0,org.eclipse.pde.internal.ui.editor.site,3897,0.3125,0.99765808,1,0.461538462,0.021679688,0.564372525,0.5488697
org.eclipse.pde.internal.ui.editor.text,0,12,0.333333333,16,7,0.695652174,0.028985507,0.855721358,org.eclipse.pde.internal.ui.editor.text,0,0,0,org.eclipse.pde.internal.ui.editor.text,398,0.5,0.967213115,1,0.2,0,0.50344844,0.562356354
org.eclipse.pde.internal.ui.elements,0,9,0.5,4,10,0.285714286,0.214285714,0.725952484,org.eclipse.pde.internal.ui.elements,0,0.875,0,org.eclipse.pde.internal.ui.elements,172,0.875,0.25,0.952380952,0.571428571,0,0.5927603,0.618994041
org.eclipse.pde.internal.ui.feature,0,8,0,39,0,0,1,0.528595479,org.eclipse.pde.internal.ui.feature,,0,0,org.eclipse.pde.internal.ui.feature,1039,0.5,1,1,0,0.096875,0.606443633,0.619227776
org.eclipse.pde.internal.ui.launcher,0,12,0.2,35,2,0.945945946,0.145945946,0.29843924,org.eclipse.pde.internal.ui.launcher,0,1,0,org.eclipse.pde.internal.ui.launcher,2632,0.636363636,0.995316159,1,1,0.083333333,0.572032861,0.516157384
org.eclipse.pde.internal.ui.parts,0,13,0.444444444,16,14,0.533333333,0.022222222,0.381281566,org.eclipse.pde.internal.ui.parts,0.055555556,0,0,org.eclipse.pde.internal.ui.parts,808,0.769230769,0.871194379,0.99734748,0,0.048708732,0.641524152,0.696633878
org.eclipse.pde.internal.ui.preferences,0,10,0,28,9,0.756756757,0.243243243,0.412055264,org.eclipse.pde.internal.ui.preferences,0,0.714285714,0,org.eclipse.pde.internal.ui.preferences,1644,0.1,0.971896956,1,0.214285714,0.068,0.753491924,0.655134123
org.eclipse.pde.internal.ui.search,0,25,0,36,4,0.9,0.1,0.724007473,org.eclipse.pde.internal.ui.search,0,0,0,org.eclipse.pde.internal.ui.search,2057,0.36,0.985948478,1,0.333333333,0.02768,0.524458386,0.516507802
org.eclipse.pde.internal.ui.util,0,11,0.222222222,15,18,0.454545455,0.323232323,0.333333333,org.eclipse.pde.internal.ui.util,0,0.125,0,org.eclipse.pde.internal.ui.util,420,0.636363636,0.929742389,1,0,0,0.600417319,0.568200921
org.eclipse.pde.internal.ui.view,0,14,0,42,1,0.976744186,0.023255814,0.387627564,org.eclipse.pde.internal.ui.view,,1,0,org.eclipse.pde.internal.ui.view,1809,0.357142857,0.99765808,1,1,0.048979592,0.523633151,0.393805301
org.eclipse.pde.internal.ui.wizards,0,14,0.555555556,23,11,0.676470588,0.232026144,0.64492927,org.eclipse.pde.internal.ui.wizards,0,0.75,0,org.eclipse.pde.internal.ui.wizards,960,0.357142857,0.950819672,0.974789916,0.625,0.048979592,0.653232575,0.562039323
org.eclipse.pde.internal.ui.wizards.exports,0,7,0.4,30,2,0.9375,0.3375,0.765479212,org.eclipse.pde.internal.ui.wizards.exports,0,1,0,org.eclipse.pde.internal.ui.wizards.exports,951,0.571428571,0.992974239,1,1,0.142857143,0.517321029,0.504666883
org.eclipse.pde.internal.ui.wizards.extension,0,11,0.1,32,0,0,0.9,0.410744349,org.eclipse.pde.internal.ui.wizards.extension,,0.888888889,0,org.eclipse.pde.internal.ui.wizards.extension,1253,0.272727273,1,1,0.571428571,0.065702479,0.597681233,0.475671223
org.eclipse.pde.internal.ui.wizards.imports,0,15,0,41,1,0.976190476,0.023809524,0.412055264,org.eclipse.pde.internal.ui.wizards.imports,,1,0,org.eclipse.pde.internal.ui.wizards.imports,3317,0.4,0.99765808,1,0.75,0.045777778,0.667430932,0.547264194
org.eclipse.pde.internal.ui.wizards.project,0,10,0,34,3,0.918918919,0.081081081,0.60913202,org.eclipse.pde.internal.ui.wizards.project,0,0.5,0,org.eclipse.pde.internal.ui.wizards.project,1388,0.2,0.992974239,1,0.333333333,0.0692,0.529880774,0.547618769
org.eclipse.pde.internal.ui.wizards.templates,0,27,0.038461538,26,2,0.928571429,0.032967033,0.466804865,org.eclipse.pde.internal.ui.wizards.templates,0,0.875,0,org.eclipse.pde.internal.ui.wizards.templates,2842,0.518518519,0.988290398,1,0.5,0.02611454,0.573434022,0.470137754
org.eclipse.pde.ui,0,6,5,7,6,0.538461538,4.538461538,0.59175171,org.eclipse.pde.ui,0.125,0,0.21875,org.eclipse.pde.ui,66,0,0.992974239,1,0,0,1,1
org.eclipse.pde.ui.templates,0,14,2.5,30,2,0.9375,2.4375,0.871435131,org.eclipse.pde.ui.templates,0.033333333,0.411764706,0.016339869,org.eclipse.pde.ui.templates,1263,0.818181818,0.985948478,0.924651925,0,0.048979592,0.600872139,0.514328851
org.eclipse.search.internal.core,0,2,1,5,3,0.625,0.625,0.333333333,org.eclipse.search.internal.core,0.2,0.25,0,org.eclipse.search.internal.core,60,0.99765808,0.992974239,0.333333333,0.4,0.3,1,1
org.eclipse.search.internal.core.text,1,6,0.2,14,2,0.875,0.075,0.76429774,org.eclipse.search.internal.core.text,0,1,0,org.eclipse.search.internal.core.text,467,0.8,0.990632319,1,0.2,0.111111111,0.615911622,0.571086608
org.eclipse.search.internal.ui,0,36,0.028571429,32,4,0.888888889,0.082539683,0.926851023,org.eclipse.search.internal.ui,0,0.5,0,org.eclipse.search.internal.ui,3895,0.342857143,0.962529274,1,1,0.019290123,0.481721352,0.456307182
org.eclipse.search.internal.ui.text,0,10,0,33,0,0,1,0.858578644,org.eclipse.search.internal.ui.text,,0.666666667,0,org.eclipse.search.internal.ui.text,1406,0.2,1,1,0.571428571,0.068,0.539968051,0.494308469
org.eclipse.search.internal.ui.util,0,12,0.090909091,28,3,0.903225806,0.005865103,0.292893219,org.eclipse.search.internal.ui.util,0,,0,org.eclipse.search.internal.ui.util,1387,0.416666667,0.967213115,0.928571429,0.3,0.056944444,0.693661541,0.623458022
org.eclipse.search.ui,0,10,9,11,11,0.5,8.5,0.505975793,org.eclipse.search.ui,0.310344828,0.017857143,0.14375,org.eclipse.search.ui,152,1,0.974238876,1,0,0.082772586,1,1
org.eclipse.swt,0,3,0,3,135,0.02173913,0.97826087,0.555555556,org.eclipse.swt,0,0.4,0,org.eclipse.swt,487,0.99765808,0,0.666666667,0,0.19374351,0.638697904,0.464965866
org.eclipse.swt.accessibility,0,9,0.8,7,7,0.5,0.3,0.81789216,org.eclipse.swt.accessibility,0,1,0,org.eclipse.swt.accessibility,1021,0.714285714,0.983606557,1,0.365853659,0.075308642,0.412554867,0.326994663
org.eclipse.swt.custom,14,47,0.236842105,10,79,0.112359551,0.650798344,0.757798731,org.eclipse.swt.custom,0.046875,0.785714286,0.003703704,org.eclipse.swt.custom,13146,0.435897436,0.578454333,0.998449612,0.576923077,0.014803078,0.340692424,0.307183006
org.eclipse.swt.dnd,2,79,0.234375,12,34,0.260869565,0.504755435,0.858578644,org.eclipse.swt.dnd,0.12,,0.034722222,org.eclipse.swt.dnd,6379,0.792207792,0.634660422,0.973214286,0.090909091,0.008828713,0.550816804,0.448978296
org.eclipse.swt.events,0,42,1.470588235,4,72,0.052631579,0.523219814,0.505733907,org.eclipse.swt.events,0.032258065,0,0,org.eclipse.swt.events,355,0.96,0.2,0.999854862,0,0,0.404554782,0.65482762
org.eclipse.swt.graphics,13,77,0.115942029,12,121,0.090225564,0.793832407,0.871093666,org.eclipse.swt.graphics,0,0.785714286,0,org.eclipse.swt.graphics,19614,0.986666667,0.142857143,1,0.214285714,0.009057177,0.46998833,0.385623
org.eclipse.swt.internal,1,21,0.4,8,18,0.307692308,0.292307692,0.333333333,org.eclipse.swt.internal,0,0.428571429,0,org.eclipse.swt.internal,1232,0.933333333,0.2,1,0.166666667,0.032879819,0.579328804,0.501424835
org.eclipse.swt.internal.awt.win32,0,1,0,6,0,0,1,1,org.eclipse.swt.internal.awt.win32,,1,0,org.eclipse.swt.internal.awt.win32,115,1,1,1,0,0,1,1
org.eclipse.swt.internal.carbon,3,33,0,2,3,0.4,0.6,0.646446609,org.eclipse.swt.internal.carbon,0,0,0,org.eclipse.swt.internal.carbon,1509,1,0.903981265,0,0,0.025433305,0,0.190438527
org.eclipse.swt.internal.gtk,6,66,0,2,5,0.285714286,0.714285714,0.42796659,org.eclipse.swt.internal.gtk,0,0.931438127,0,org.eclipse.swt.internal.gtk,2516,1,0.871194379,1,0.013377926,0.015151515,0.150221105,0.226824843
org.eclipse.swt.internal.image,0,35,0.09375,5,1,0.833333333,0.072916667,0.29436636,org.eclipse.swt.internal.image,0,,0,org.eclipse.swt.internal.image,5901,1,0.485714286,1,0.285714286,0,0.460540518,0.354409372
org.eclipse.swt.internal.motif,2,34,0.096774194,3,6,0.333333333,0.569892473,0.398612715,org.eclipse.swt.internal.motif,0,,0,org.eclipse.swt.internal.motif,1361,1,0.896955504,1,0,0.026029804,0.2,0.198902426
org.eclipse.swt.internal.ole.win32,0,52,0,4,2,0.666666667,0.333333333,0.915820621,org.eclipse.swt.internal.ole.win32,0,,0,org.eclipse.swt.internal.ole.win32,2321,0.980769231,0.557692308,1,0,0.019230769,0.190410745,0.243472262
org.eclipse.swt.internal.photon,1,28,0,2,4,0.333333333,0.666666667,0.693813782,org.eclipse.swt.internal.photon,0,,0,org.eclipse.swt.internal.photon,1170,1,0.920374707,0,0,0.035714286,0,0.215955171
org.eclipse.swt.internal.win32,3,70,0,3,8,0.272727273,0.727272727,0.478973951,org.eclipse.swt.internal.win32,0,,0,org.eclipse.swt.internal.win32,3156,0.99765808,0.779859485,1,0,0.014015961,0.111908735,0.141704747
org.eclipse.swt.layout,2,8,0,5,89,0.053191489,0.946808511,0.471159838,org.eclipse.swt.layout,,0,0,org.eclipse.swt.layout,774,0.5,0.555035129,1,0.4,0.084375,0.596700896,0.636063396
org.eclipse.swt.ole.win32,1,15,0.071428571,8,4,0.666666667,0.261904762,0.76429774,org.eclipse.swt.ole.win32,0,0.233333333,0,org.eclipse.swt.ole.win32,3432,0.785714286,0.953161593,1,0.058823529,0.043111111,0.471272653,0.483652014
org.eclipse.swt.printing,0,13,0,7,2,0.777777778,0.222222222,0.646446609,org.eclipse.swt.printing,0,1,0,org.eclipse.swt.printing,1112,0,0.990632319,1,0.105263158,0.052662722,0.696926601,0.502340151
org.eclipse.swt.program,0,6,0,11,11,0.5,0.5,0.421458088,org.eclipse.swt.program,0,1,0,org.eclipse.swt.program,1569,1,0.974238876,1,0,0.111111111,0.689571024,0.594448785
org.eclipse.swt.widgets,71,247,0.117647059,14,154,0.083333333,0.799019608,0.976228768,org.eclipse.swt.widgets,0.002564103,1,0.001851852,org.eclipse.swt.widgets,86888,0.915690867,0.549081365,0.997778537,0,0.00283073,0.516870181,0.516326391
org.eclipse.team.core,2,9,2,8,27,0.228571429,1.228571429,0.749294548,org.eclipse.team.core,0,0,0.069444444,org.eclipse.team.core,866,0.988290398,0.885245902,0.833333333,0,0.099454829,0.461901286,0.449930327
org.eclipse.team.core.sync,0,5,0,7,13,0.35,0.65,0.860659839,org.eclipse.team.core.sync,0.666666667,0.5,0.026190476,org.eclipse.team.core.sync,415,0.992974239,0.992974239,0.552631579,0.4,0,0.733333333,0.555016181
org.eclipse.team.internal.ccvs.core,4,27,2,17,14,0.548387097,1.548387097,0.851135414,org.eclipse.team.internal.ccvs.core,0.19375,0.006369427,0.014046717,org.eclipse.team.internal.ccvs.core,2075,0.444444444,0.859484778,0.888888889,0.3,0.02999218,0.421778423,0.3973869
org.eclipse.team.internal.ccvs.core.client,3,48,0.142857143,14,10,0.583333333,0.273809524,0.892396794,org.eclipse.team.internal.ccvs.core.client,0,1,0,org.eclipse.team.internal.ccvs.core.client,3076,0.99765808,0.927400468,0.997395833,1,0.020833333,0.37919538,0.352310818
org.eclipse.team.internal.ccvs.core.client.listeners,0,14,0.4,9,3,0.75,0.15,0.292893219,org.eclipse.team.internal.ccvs.core.client.listeners,0,0.4,0.104166667,org.eclipse.team.internal.ccvs.core.client.listeners,675,0.1,0.983606557,1,1,0.048979592,0.600745884,0.655689577
org.eclipse.team.internal.ccvs.core.connection,3,10,0,12,7,0.631578947,0.368421053,0.528595479,org.eclipse.team.internal.ccvs.core.connection,0,0.666666667,0,org.eclipse.team.internal.ccvs.core.connection,1176,0.6,0.971896956,1,0.8,0.078,0.409520858,0.390460537
org.eclipse.team.internal.ccvs.core.resources,3,18,0.2,12,13,0.48,0.32,0.831799465,org.eclipse.team.internal.ccvs.core.resources,0,0,0,org.eclipse.team.internal.ccvs.core.resources,5103,0.777777778,0.915690867,1,0,0.038888889,0.604466072,0.548279847
org.eclipse.team.internal.ccvs.core.syncinfo,0,7,0,9,11,0.45,0.55,0.414261158,org.eclipse.team.internal.ccvs.core.syncinfo,0,0.132352941,0,org.eclipse.team.internal.ccvs.core.syncinfo,892,1,0.932084309,1,0.142857143,0.078301227,0.462327774,0.455143204
org.eclipse.team.internal.ccvs.core.util,2,15,0,13,8,0.619047619,0.380952381,0.668808968,org.eclipse.team.internal.ccvs.core.util,0,0,0,org.eclipse.team.internal.ccvs.core.util,2315,1,0.93911007,1,0.142857143,0,0.577440327,0.571136841
org.eclipse.team.internal.ccvs.ssh,1,12,0.090909091,13,0,0,0.909090909,0.646446609,org.eclipse.team.internal.ccvs.ssh,,0.8,0,org.eclipse.team.internal.ccvs.ssh,2544,0.916666667,0.916666667,1,1,0.056944444,0.528975567,0.380420329
org.eclipse.team.internal.ccvs.ui,7,66,0.118644068,50,6,0.892857143,0.011501211,0.74650889,org.eclipse.team.internal.ccvs.ui,0,0.333333333,0.05,org.eclipse.team.internal.ccvs.ui,9433,0.380952381,0.918032787,1,0.166666667,0.010560147,0.588457031,0.515815033
org.eclipse.team.internal.ccvs.ui.actions,5,40,0.052631579,27,2,0.931034483,0.016333938,0.333299321,org.eclipse.team.internal.ccvs.ui.actions,0,1,0,org.eclipse.team.internal.ccvs.ui.actions,3459,0.975,0.990632319,0.999575672,0.347826087,0,0.519018348,0.492777209
org.eclipse.team.internal.ccvs.ui.merge,0,10,0,25,3,0.892857143,0.107142857,0.626159199,org.eclipse.team.internal.ccvs.ui.merge,0,,0,org.eclipse.team.internal.ccvs.ui.merge,749,0.5,0.983606557,1,0.142857143,0,0.759208071,0.695735119
org.eclipse.team.internal.ccvs.ui.model,0,23,0.15,17,3,0.85,0,0.762023509,org.eclipse.team.internal.ccvs.ui.model,0,0.636363636,0,org.eclipse.team.internal.ccvs.ui.model,1123,1,0.967213115,1,0.5,0.030056711,0.721666663,0.684045734
org.eclipse.team.internal.ccvs.ui.repo,1,19,0.055555556,35,6,0.853658537,0.090785908,0.782428683,org.eclipse.team.internal.ccvs.ui.repo,0,0.5,0,org.eclipse.team.internal.ccvs.ui.repo,3161,0.210526316,0.976580796,1,0.666666667,0,0.441173805,0.474081943
org.eclipse.team.internal.ccvs.ui.sync,0,12,0.090909091,27,4,0.870967742,0.038123167,0.893933983,org.eclipse.team.internal.ccvs.ui.sync,0,,0,org.eclipse.team.internal.ccvs.ui.sync,2142,0.75,0.985948478,0.966216216,0.428571429,0,0.56637551,0.531398218
org.eclipse.team.internal.ccvs.ui.wizards,3,22,0.047619048,37,4,0.902439024,0.049941928,0.388649037,org.eclipse.team.internal.ccvs.ui.wizards,0,0.8,0,org.eclipse.team.internal.ccvs.ui.wizards,3585,0.636363636,0.978922717,1,0.2,0.034132231,0.562181,0.543568115
org.eclipse.team.internal.core,1,11,0,8,14,0.363636364,0.636363636,0.765479212,org.eclipse.team.internal.core,0,0.09375,0,org.eclipse.team.internal.core,710,0.636363636,0.946135831,1,0.285714286,0.065304704,0.706048549,0.484057001
org.eclipse.team.internal.core.simpleAccess,0,1,0,3,1,0.75,0.25,0.292893219,org.eclipse.team.internal.core.simpleAccess,,0,0,org.eclipse.team.internal.core.simpleAccess,16,1,1,0,0,0,0,0
org.eclipse.team.internal.core.streams,2,8,0.142857143,4,6,0.4,0.457142857,0.88214887,org.eclipse.team.internal.core.streams,,0.375,0,org.eclipse.team.internal.core.streams,860,0,0.5,1,0.111111111,0.084375,0.744041829,0.70394821
org.eclipse.team.internal.core.target,0,15,2,9,7,0.5625,1.5625,0.694874282,org.eclipse.team.internal.core.target,0.305555556,0.111111111,0.0125,org.eclipse.team.internal.core.target,1228,0.9,0.93911007,0.9138322,0.5,0,0.556267379,0.489643707
org.eclipse.team.internal.ftp,0,3,0,6,3,0.666666667,0.333333333,0.528595479,org.eclipse.team.internal.ftp,0,0.039215686,0,org.eclipse.team.internal.ftp,154,0.333333333,0.981264637,1,0.333333333,0.2692108,0.599065781,0.698298241
org.eclipse.team.internal.ftp.client,0,15,0.25,10,1,0.909090909,0.159090909,0.797969491,org.eclipse.team.internal.ftp.client,0,0.625,0,org.eclipse.team.internal.ftp.client,1420,0.769230769,0.988290398,1,0.222222222,0.045777778,0.478041763,0.375043405
org.eclipse.team.internal.ftp.target,0,6,0,12,1,0.923076923,0.076923077,0.76429774,org.eclipse.team.internal.ftp.target,,0.636363636,0,org.eclipse.team.internal.ftp.target,853,0.166666667,0.99765808,1,0.65,0.111111111,0.580236981,0.580934661
org.eclipse.team.internal.ftp.ui,0,2,0,22,0,0,1,0.292893219,org.eclipse.team.internal.ftp.ui,,0.5,0,org.eclipse.team.internal.ftp.ui,347,0,1,1,0.272727273,0.315,0.909090909,0.700934579
org.eclipse.team.internal.ui,2,22,0.294117647,32,9,0.780487805,0.074605452,0.889081289,org.eclipse.team.internal.ui,0,0,0,org.eclipse.team.internal.ui,2295,0.315789474,0.960187354,0.979020979,0,0.033032566,0.656889329,0.635531726
org.eclipse.team.internal.ui.actions,0,3,0.5,17,3,0.85,0.35,0.472953723,org.eclipse.team.internal.ui.actions,0,1,0,org.eclipse.team.internal.ui.actions,317,0.995316159,0.992974239,0.914285714,0.625,-0.518478712,0.502525317,0.481739547
org.eclipse.team.internal.ui.sync,0,10,0.666666667,32,5,0.864864865,0.531531532,0.921826404,org.eclipse.team.internal.ui.sync,0.125,0.833333333,0.1875,org.eclipse.team.internal.ui.sync,1939,0.333333333,0.962529274,0.959064327,0.666666667,0.068,0.651304203,0.546295452
org.eclipse.team.internal.ui.target,0,33,0.1,38,2,0.95,0.05,0.528595479,org.eclipse.team.internal.ui.target,0,1,0,org.eclipse.team.internal.ui.target,3594,0.424242424,0.985948478,1,0.5,0,0.57923036,0.567387931
org.eclipse.team.internal.webdav.core,0,8,0,21,1,0.954545455,0.045454545,0.76429774,org.eclipse.team.internal.webdav.core,0,0.333333333,0,org.eclipse.team.internal.webdav.core,810,0.375,0.992974239,1,0.5,0.084375,0.620601242,0.588559678
org.eclipse.team.internal.webdav.ui,0,2,0,20,0,0,1,0.292893219,org.eclipse.team.internal.webdav.ui,,0.5,0,org.eclipse.team.internal.webdav.ui,311,0,1,1,0.3,0.313636364,0.95,0.741758242
org.eclipse.team.ui,0,4,1,10,7,0.588235294,0.588235294,0.300145788,org.eclipse.team.ui,0,0,0,org.eclipse.team.ui,100,1,0.981264637,1,0,0.199824766,0.75,0.568181818
org.eclipse.tomcat.internal,3,7,0,9,0,0,1,0.76429774,org.eclipse.tomcat.internal,,0.75,0,org.eclipse.tomcat.internal,681,0.857142857,1,1,0,0.095918367,0.679622759,0.588962846
org.eclipse.ui,3,91,14.16666667,21,121,0.147887324,13.31455399,0.59275771,org.eclipse.ui,0.4604811,0.538461538,0.000531718,org.eclipse.ui,1454,0.714285714,0.695550351,0.833333333,0.666666667,0.007668156,0.463634645,0.493690319
org.eclipse.ui.actions,0,49,0.195121951,35,45,0.4375,0.367378049,0.695295971,org.eclipse.ui.actions,0,,0,org.eclipse.ui.actions,5283,0.755102041,0.725995316,0.997139369,0.5,0,0.531418846,0.436063571
org.eclipse.ui.dialogs,3,44,0.517241379,29,59,0.329545455,0.153213166,0.543092154,org.eclipse.ui.dialogs,0.019417476,,0.008333333,org.eclipse.ui.dialogs,6263,0.684210526,0.597189696,0.987152778,0,0,0.628573172,0.577007193
org.eclipse.ui.editors.text,0,15,0.666666667,26,7,0.787878788,0.454545455,0.621495963,org.eclipse.ui.editors.text,0,1,0.125,org.eclipse.ui.editors.text,1627,0.444444444,0.976580796,0.924119241,0.75,0.045777778,0.516850265,0.541450669
org.eclipse.ui.externaltools.internal.ant,1,1,0,2,1,0.666666667,0.333333333,1,org.eclipse.ui.externaltools.internal.ant,0,0,0,org.eclipse.ui.externaltools.internal.ant,16,1,0.99765808,1,0,0.65,1,1
org.eclipse.ui.externaltools.internal.ant.console,1,1,0,3,0,0,1,1,org.eclipse.ui.externaltools.internal.ant.console,,1,0,org.eclipse.ui.externaltools.internal.ant.console,21,1,1,1,1,0.5,1,1
org.eclipse.ui.externaltools.internal.ant.dtd,1,9,2,6,2,0.75,1.75,0.646446609,org.eclipse.ui.externaltools.internal.ant.dtd,1,0.333333333,0.011904762,org.eclipse.ui.externaltools.internal.ant.dtd,169,1,0.666666667,1,0.4,0.086419753,0.480740698,0.515703
org.eclipse.ui.externaltools.internal.ant.dtd.schema,1,11,0,7,1,0.875,0.125,0.696954237,org.eclipse.ui.externaltools.internal.ant.dtd.schema,0,0.5,0,org.eclipse.ui.externaltools.internal.ant.dtd.schema,1101,0.909090909,0.995316159,1,0.1,0.061983471,0.642963778,0.578176885
org.eclipse.ui.externaltools.internal.ant.dtd.util,1,10,0.666666667,4,1,0.8,0.466666667,0.76429774,org.eclipse.ui.externaltools.internal.ant.dtd.util,0.307692308,0.947368421,0.033333333,org.eclipse.ui.externaltools.internal.ant.dtd.util,540,0.99765808,0.990632319,1,0.476190476,0.066,0.517782025,0.493613682
org.eclipse.ui.externaltools.internal.ant.editor,1,9,0,37,3,0.925,0.075,0.307179677,org.eclipse.ui.externaltools.internal.ant.editor,,1,0,org.eclipse.ui.externaltools.internal.ant.editor,1597,0.555555556,0.992974239,1,0,0.07808642,0.537016594,0.459644902
org.eclipse.ui.externaltools.internal.ant.editor.derived,1,6,0.5,10,1,0.909090909,0.409090909,0.528595479,org.eclipse.ui.externaltools.internal.ant.editor.derived,0,1.333333333,0,org.eclipse.ui.externaltools.internal.ant.editor.derived,615,0.833333333,0.99765808,1,0.111111111,0.117361111,0.698133147,0.642958692
org.eclipse.ui.externaltools.internal.ant.editor.outline,1,12,0.5,22,2,0.916666667,0.416666667,0.685730319,org.eclipse.ui.externaltools.internal.ant.editor.outline,0,0.75,0.0625,org.eclipse.ui.externaltools.internal.ant.editor.outline,1286,0.75,0.985948478,1,0.25,0.056944444,0.477503092,0.429534781
org.eclipse.ui.externaltools.internal.ant.editor.text,1,20,0.176470588,22,3,0.88,0.056470588,0.722057905,org.eclipse.ui.externaltools.internal.ant.editor.text,0,0.666666667,0,org.eclipse.ui.externaltools.internal.ant.editor.text,1100,0.470588235,0.974238876,1,0.666666667,0,0.536926795,0.453250191
org.eclipse.ui.externaltools.internal.ant.editor.tools,1,2,0,9,0,0,1,0.292893219,org.eclipse.ui.externaltools.internal.ant.editor.tools,,1,0,org.eclipse.ui.externaltools.internal.ant.editor.tools,200,1,0.5,1,0,0.347368421,0.541666667,0.538461538
org.eclipse.ui.externaltools.internal.ant.editor.utils,1,3,0,8,1,0.888888889,0.111111111,1,org.eclipse.ui.externaltools.internal.ant.editor.utils,0,0.333333333,0,org.eclipse.ui.externaltools.internal.ant.editor.utils,511,0.333333333,0.99765808,1,0,0.251111111,0.779518791,0.431778304
org.eclipse.ui.externaltools.internal.ant.editor.xml,1,4,0.333333333,8,2,0.8,0.133333333,1,org.eclipse.ui.externaltools.internal.ant.editor.xml,0,0.170212766,0,org.eclipse.ui.externaltools.internal.ant.editor.xml,285,1,0.666666667,1,0.027777778,0.1625,0.44416232,0.461969202
org.eclipse.ui.externaltools.internal.ant.inputhandler,1,1,0,3,0,0,1,1,org.eclipse.ui.externaltools.internal.ant.inputhandler,,1,0,org.eclipse.ui.externaltools.internal.ant.inputhandler,41,0,0,1,0,0,1,1
org.eclipse.ui.externaltools.internal.ant.launchConfigurations,1,20,0,36,3,0.923076923,0.076923077,0.671808363,org.eclipse.ui.externaltools.internal.ant.launchConfigurations,0,0,0,org.eclipse.ui.externaltools.internal.ant.launchConfigurations,1877,0.5,0.985948478,1,0.333333333,0.0345,0.553714277,0.535782658
org.eclipse.ui.externaltools.internal.ant.logger,1,2,0,13,0,0,1,0.292893219,org.eclipse.ui.externaltools.internal.ant.logger,,1,0,org.eclipse.ui.externaltools.internal.ant.logger,335,1,1,1,0,0.25,0.90625,0.684090909
org.eclipse.ui.externaltools.internal.ant.model,1,1,0,10,6,0.625,0.375,0.528595479,org.eclipse.ui.externaltools.internal.ant.model,0,0.130434783,0,org.eclipse.ui.externaltools.internal.ant.model,164,1,0.985948478,1,0.642857143,0.65,1,1
org.eclipse.ui.externaltools.internal.ant.preferences,1,22,0.1,30,3,0.909090909,0.009090909,0.543564535,org.eclipse.ui.externaltools.internal.ant.preferences,0,,0,org.eclipse.ui.externaltools.internal.ant.preferences,3041,0.571428571,0.990632319,1,1,0,0.532290786,0.535281472
org.eclipse.ui.externaltools.internal.ant.view,2,5,0,20,2,0.909090909,0.090909091,1,org.eclipse.ui.externaltools.internal.ant.view,0,0.5,0,org.eclipse.ui.externaltools.internal.ant.view,615,0.8,0.995316159,1,0,0.162,0.518813876,0.439479923
org.eclipse.ui.externaltools.internal.ant.view.actions,2,10,0,31,2,0.939393939,0.060606061,0.604715292,org.eclipse.ui.externaltools.internal.ant.view.actions,0,0.166666667,0,org.eclipse.ui.externaltools.internal.ant.view.actions,893,0.1,0.981264637,1,0.466666667,0.068,0.493214831,0.516616754
org.eclipse.ui.externaltools.internal.ant.view.elements,3,5,0.25,5,2,0.714285714,0.035714286,1,org.eclipse.ui.externaltools.internal.ant.view.elements,0,0.153846154,0,org.eclipse.ui.externaltools.internal.ant.view.elements,276,1,0.2,1,0,0.132,0.599765831,0.498119349
org.eclipse.ui.externaltools.internal.dialog,1,1,0,10,1,0.909090909,0.090909091,1,org.eclipse.ui.externaltools.internal.dialog,0,0.285714286,0,org.eclipse.ui.externaltools.internal.dialog,154,1,0.99765808,1,0.6,0.5,1,1
org.eclipse.ui.externaltools.internal.group,0,1,0,2,3,0.4,0.6,0.528595479,org.eclipse.ui.externaltools.internal.group,0,,0,org.eclipse.ui.externaltools.internal.group,6,1,1,0,0,0,0,0
org.eclipse.ui.externaltools.internal.launchConfigurations,11,6,0.2,23,4,0.851851852,0.051851852,0.387627564,org.eclipse.ui.externaltools.internal.launchConfigurations,0,0.333333333,0,org.eclipse.ui.externaltools.internal.launchConfigurations,911,0.333333333,0.974238876,0.833333333,0,0.111111111,0.551492388,0.52086164
org.eclipse.ui.externaltools.internal.menu,0,1,0,2,0,0,1,1,org.eclipse.ui.externaltools.internal.menu,,,0,org.eclipse.ui.externaltools.internal.menu,8,0,0,1,0,0,0,1
org.eclipse.ui.externaltools.internal.model,8,13,0.3,23,17,0.575,0.125,0.828641585,org.eclipse.ui.externaltools.internal.model,0,0.583333333,0,org.eclipse.ui.externaltools.internal.model,1240,0.7,0.918032787,1,0.555555556,0.052662722,0.608645185,0.563812454
org.eclipse.ui.externaltools.internal.program.launchConfigurations,4,6,0,18,1,0.947368421,0.052631579,1,org.eclipse.ui.externaltools.internal.program.launchConfigurations,0,1,0,org.eclipse.ui.externaltools.internal.program.launchConfigurations,239,0.5,0.99765808,1,1,0,0.585786438,0.535568113
org.eclipse.ui.externaltools.internal.registry,2,4,0,6,4,0.6,0.4,0.387627564,org.eclipse.ui.externaltools.internal.registry,0,0,0,org.eclipse.ui.externaltools.internal.registry,350,1,0.978922717,1,0,0,0.630396998,0.569699211
org.eclipse.ui.externaltools.internal.ui,7,11,0.222222222,28,7,0.8,0.022222222,0.753856272,org.eclipse.ui.externaltools.internal.ui,0,0.466666667,0,org.eclipse.ui.externaltools.internal.ui,1606,0.4,0.983606557,0.928571429,0.227272727,0.061983471,0.551717162,0.418632059
org.eclipse.ui.externaltools.internal.variable,2,19,0.1875,13,6,0.684210526,0.128289474,0.922048804,org.eclipse.ui.externaltools.internal.variable,0,,0,org.eclipse.ui.externaltools.internal.variable,643,1,0.988290398,1,0,0,0.534845251,0.521101339
org.eclipse.ui.help,0,4,0.333333333,11,85,0.114583333,0.552083333,0.825149045,org.eclipse.ui.help,0,0.011764706,0.5,org.eclipse.ui.help,308,1,0.800936768,1,0.153846154,0.1875,0.522171571,0.567125002
org.eclipse.ui.internal,17,201,0.161849711,51,27,0.653846154,0.184304135,0.916729273,org.eclipse.ui.internal,0,1,0.000611995,org.eclipse.ui.internal,24522,0.657754011,0.775175644,0.999939592,0.25,0.003477637,0.465738393,0.416795834
org.eclipse.ui.internal.actions,0,5,0,19,2,0.904761905,0.095238095,0.646446609,org.eclipse.ui.internal.actions,,1,0,org.eclipse.ui.internal.actions,257,0,0.990632319,1,1,0.132,0.570226485,0.675612329
org.eclipse.ui.internal.commands,1,30,0.111111111,18,1,0.947368421,0.058479532,0.705372175,org.eclipse.ui.internal.commands,0,0.117647059,0,org.eclipse.ui.internal.commands,4703,0.965517241,0.988290398,1,0.222222222,0.022,0.551597084,0.383900667
org.eclipse.ui.internal.decorators,2,14,0.076923077,18,2,0.9,0.023076923,0.717157288,org.eclipse.ui.internal.decorators,0,,0,org.eclipse.ui.internal.decorators,1468,0.785714286,0.988290398,1,0,0.048979592,0.550439191,0.516203985
org.eclipse.ui.internal.dialogs,4,114,0.096153846,46,12,0.793103448,0.110742706,0.77720169,org.eclipse.ui.internal.dialogs,0,1,0,org.eclipse.ui.internal.dialogs,15286,0.348214286,0.885245902,1,0.461538462,0.006124962,0.534569809,0.49648007
org.eclipse.ui.internal.editors.text,0,9,0.125,18,0,0,0.875,0.646446609,org.eclipse.ui.internal.editors.text,,0.833333333,0,org.eclipse.ui.internal.editors.text,1041,0.625,1,1,0.238095238,0.075308642,0.49920255,0.464943225
org.eclipse.ui.internal.editorsupport,0,1,0,5,1,0.833333333,0.166666667,0.292893219,org.eclipse.ui.internal.editorsupport,0,0,0,org.eclipse.ui.internal.editorsupport,63,1,0.99765808,1,0.5,0,1,1
org.eclipse.ui.internal.editorsupport.win32,0,1,0,18,0,0,1,1,org.eclipse.ui.internal.editorsupport.win32,,0.823529412,0,org.eclipse.ui.internal.editorsupport.win32,414,0,1,1,0.444444444,0.59375,1,1
org.eclipse.ui.internal.fonts,0,2,0,5,2,0.714285714,0.285714286,0.387627564,org.eclipse.ui.internal.fonts,0,0,0,org.eclipse.ui.internal.fonts,79,0.5,0.995316159,1,0.5,0.3,0.7,0.884615385
org.eclipse.ui.internal.misc,0,27,0.08,22,8,0.733333333,0.186666667,0.315346803,org.eclipse.ui.internal.misc,0,0.8,0,org.eclipse.ui.internal.misc,2512,0.777777778,0.948477752,1,0.2,0.025651578,0.482624255,0.494917028
org.eclipse.ui.internal.model,0,15,0.153846154,12,10,0.545454545,0.300699301,0.450252583,org.eclipse.ui.internal.model,0,1,0,org.eclipse.ui.internal.model,637,0.988290398,0.964871194,0.973333333,1,0.045777778,0.66492256,0.546565222
org.eclipse.ui.internal.registry,1,40,0.176470588,19,7,0.730769231,0.092760181,0.795786375,org.eclipse.ui.internal.registry,0.036144578,0.5,0.071969697,org.eclipse.ui.internal.registry,2999,0.885714286,0.889929742,0.993406593,0.5,0.017375,0.542614657,0.602406537
org.eclipse.ui.internal.texteditor,0,4,0,14,1,0.933333333,0.066666667,0.646446609,org.eclipse.ui.internal.texteditor,,0.333333333,0,org.eclipse.ui.internal.texteditor,217,0.5,0.99765808,1,0.2,0.168574766,0.74183718,0.59410385
org.eclipse.ui.model,0,4,0.333333333,12,34,0.260869565,0.405797101,0.416796558,org.eclipse.ui.model,0,0.25,0.25,org.eclipse.ui.model,223,0.333333333,0.908665105,0.99047619,0,0,0.625045062,0.584086755
org.eclipse.ui.part,4,40,0.818181818,19,61,0.2375,0.055681818,0.668448068,org.eclipse.ui.part,0.070422535,0.272727273,0.00390625,org.eclipse.ui.part,2362,0.741935484,0.700234192,0.972678223,0.666666667,0.017375,0.549981062,0.486587847
org.eclipse.ui.plugin,0,1,0,10,89,0.101010101,0.898989899,0.674254179,org.eclipse.ui.plugin,0,0,0,org.eclipse.ui.plugin,288,0,0.791569087,0,0.133333333,0.5,1,1
org.eclipse.ui.texteditor,0,75,0.470588235,31,43,0.418918919,0.110492846,0.809913975,org.eclipse.ui.texteditor,0.132743363,1,0.001365343,org.eclipse.ui.texteditor,8620,0.807017544,0.824355972,0.985822113,0,0,0.361535697,0.303540738
org.eclipse.ui.views.bookmarkexplorer,0,15,0.153846154,24,0,0,0.846153846,0.823223305,org.eclipse.ui.views.bookmarkexplorer,,1,0,org.eclipse.ui.views.bookmarkexplorer,1525,0.642857143,1,1,1,0,0.480606223,0.45538648
org.eclipse.ui.views.contentoutline,0,3,2,10,10,0.5,1.5,0.325463122,org.eclipse.ui.views.contentoutline,0,0,0,org.eclipse.ui.views.contentoutline,177,0,0.981264637,0.5,0,0,0.866666667,0.857142857
org.eclipse.ui.views.framelist,0,12,0.333333333,14,2,0.875,0.208333333,0.717157288,org.eclipse.ui.views.framelist,0,0.5,0,org.eclipse.ui.views.framelist,562,0.9,0.960187354,0.95,0.25,0,0.632397629,0.606473761
org.eclipse.ui.views.navigator,2,32,0.142857143,26,6,0.8125,0.044642857,0.555555556,org.eclipse.ui.views.navigator,0,1,0,org.eclipse.ui.views.navigator,3022,0.5,0.985948478,1,0.714285714,0.021679688,0.378345991,0.397596819
org.eclipse.ui.views.properties,0,28,0.555555556,24,12,0.666666667,0.222222222,0.683017602,org.eclipse.ui.views.properties,0.076923077,0.5,0.00462963,org.eclipse.ui.views.properties,2055,0.789473684,0.948477752,0.958810069,0,0,0.420826165,0.397701658
org.eclipse.ui.views.tasklist,0,26,0.181818182,28,4,0.875,0.056818182,0.922928068,org.eclipse.ui.views.tasklist,0,1,0,org.eclipse.ui.views.tasklist,4027,0.739130435,0.990632319,1,0.25,0.026331361,0.428000541,0.392093162
org.eclipse.ui.wizards.datatransfer,0,29,0.074074074,29,3,0.90625,0.019675926,0.852686087,org.eclipse.ui.wizards.datatransfer,0,0.285714286,0.75,org.eclipse.ui.wizards.datatransfer,4046,0.555555556,0.983606557,1,0.727272727,0.023900119,0.566055006,0.539440165
org.eclipse.ui.wizards.newresource,0,5,0.25,22,6,0.785714286,0.035714286,0.646446609,org.eclipse.ui.wizards.newresource,0,0.222222222,0,org.eclipse.ui.wizards.newresource,468,0.8,0.981264637,1,0,0.162,0.603176652,0.499359501
org.eclipse.update.configuration,0,13,12,7,13,0.35,11.35,0.607162899,org.eclipse.update.configuration,0.426470588,0.375,0.038773148,org.eclipse.update.configuration,260,1,0.990632319,1,0.083333333,0.061272835,1,1
org.eclipse.update.core,0,51,1.428571429,12,20,0.375,0.803571429,0.798256652,org.eclipse.update.core,0.208695652,0.052631579,0.003871103,org.eclipse.update.core,2797,0.5,0.850117096,0.97032967,0,0.013648597,0.492433062,0.444255152
org.eclipse.update.core.model,0,19,0.117647059,11,10,0.523809524,0.358543417,0.873070448,org.eclipse.update.core.model,0,0.227272727,0,org.eclipse.update.core.model,2791,0.736842105,0.913348946,0.969736842,0,0.036288089,0.520624878,0.411588593
org.eclipse.update.internal.core,1,51,0.133333333,16,9,0.64,0.226666667,0.83504278,org.eclipse.update.internal.core,0,0.833333333,0,org.eclipse.update.internal.core,7873,0.5625,0.927400468,1,0.8,0.013648597,0.501505625,0.462286149
org.eclipse.update.internal.model,0,9,0,12,3,0.8,0.2,0.57408229,org.eclipse.update.internal.model,0,0.666666667,0,org.eclipse.update.internal.model,1034,0,0.974238876,0.888888889,0,0.07523076,0.640990888,0.72743611
org.eclipse.update.internal.security,0,5,0,12,2,0.857142857,0.142857143,0.472953723,org.eclipse.update.internal.security,,1,0,org.eclipse.update.internal.security,635,0.8,0.995316159,1,0,0.132,0.571533302,0.559805426
org.eclipse.update.internal.ui,1,9,0.125,34,11,0.755555556,0.119444444,0.393908473,org.eclipse.update.internal.ui,0,0.6,0,org.eclipse.update.internal.ui,820,0.777777778,0.946135831,1,0,0,0.455496738,0.487568777
org.eclipse.update.internal.ui.forms,0,26,0.083333333,36,6,0.857142857,0.05952381,0.567988022,org.eclipse.update.internal.ui.forms,0,1,0,org.eclipse.update.internal.ui.forms,3706,0.88,0.953161593,1,0.4,0.026627219,0.491795909,0.391835017
org.eclipse.update.internal.ui.model,1,27,0.35,21,7,0.75,0.1,0.643651677,org.eclipse.update.internal.ui.model,0.025,0.179487179,0.05,org.eclipse.update.internal.ui.model,1887,0.952380952,0.885245902,0.992063492,0.37037037,0.0278738,0.509508605,0.571043389
org.eclipse.update.internal.ui.pages,0,15,0.153846154,6,2,0.75,0.096153846,0.292893219,org.eclipse.update.internal.ui.pages,0,1,0.1,org.eclipse.update.internal.ui.pages,243,1,0.967213115,1,0.842105263,0.045777778,0.330237621,0.442918748
org.eclipse.update.internal.ui.parts,0,11,0.375,19,6,0.76,0.135,0.302783311,org.eclipse.update.internal.ui.parts,0,0.5,0,org.eclipse.update.internal.ui.parts,818,0.545454545,0.967213115,1,0.6,0.061983471,0.570202579,0.536023351
org.eclipse.update.internal.ui.preferences,0,3,0,16,6,0.727272727,0.272727273,0.472953723,org.eclipse.update.internal.ui.preferences,0,0.111111111,0,org.eclipse.update.internal.ui.preferences,405,0.333333333,0.981264637,1,0,0.188888889,0.733021922,0.602086626
org.eclipse.update.internal.ui.properties,0,5,0,15,1,0.9375,0.0625,1,org.eclipse.update.internal.ui.properties,,1,0,org.eclipse.update.internal.ui.properties,387,0.4,0.99765808,1,1,0.132,0.714285714,0.671558265
org.eclipse.update.internal.ui.search,0,18,0.285714286,28,6,0.823529412,0.109243697,0.69566468,org.eclipse.update.internal.ui.search,0,1,0.116666667,org.eclipse.update.internal.ui.search,2059,0.733333333,0.948477752,1,0.666666667,0.038271605,0.545439051,0.48754997
org.eclipse.update.internal.ui.security,0,6,0.2,17,2,0.894736842,0.094736842,0.604715292,org.eclipse.update.internal.ui.security,,1,0,org.eclipse.update.internal.ui.security,692,0.5,0.995316159,1,0,0.111111111,0.677387033,0.625044804
org.eclipse.update.internal.ui.servlets,0,2,0,12,0,0,1,0.292893219,org.eclipse.update.internal.ui.servlets,,0.875,0,org.eclipse.update.internal.ui.servlets,307,1,1,1,0,0,0.958333333,0.837209302
org.eclipse.update.internal.ui.views,0,17,0.416666667,44,4,0.916666667,0.333333333,0.828766278,org.eclipse.update.internal.ui.views,0,0.833333333,0,org.eclipse.update.internal.ui.views,3997,0.5,0.983606557,1,0.434782609,0.04158737,0.499910799,0.416319825
org.eclipse.update.internal.ui.win32.views,0,4,0,13,0,0,1,0.528595479,org.eclipse.update.internal.ui.win32.views,,1,0,org.eclipse.update.internal.ui.win32.views,683,0.5,1,1,0.444444444,0.170394737,0.579855079,0.699560093
org.eclipse.update.internal.ui.wizards,0,26,0.130434783,31,2,0.939393939,0.069828722,0.61109127,org.eclipse.update.internal.ui.wizards,0,0.714285714,0,org.eclipse.update.internal.ui.wizards,5345,0.52,0.981264637,1,0.833333333,0.027088757,0.580309943,0.557376157
org.eclipse.update.ui.forms.internal,1,31,0.631578947,23,12,0.657142857,0.288721805,0.723306042,org.eclipse.update.ui.forms.internal,0.08988764,0.5,0.004812834,org.eclipse.update.ui.forms.internal,3795,0.833333333,0.854800937,0.961516631,0.230769231,0.022372529,0.558198598,0.549058802
org.eclipse.update.ui.forms.internal.engine,0,20,0.818181818,18,5,0.782608696,0.600790514,0.796481566,org.eclipse.update.ui.forms.internal.engine,0,0.846153846,0,org.eclipse.update.ui.forms.internal.engine,1637,0.833333333,0.976580796,1,0.666666667,0.034,0.491935629,0.465312982
org.eclipse.webdav,0,8,7,5,7,0.416666667,6.416666667,0.434314575,org.eclipse.webdav,0.137931034,0,0.007270408,org.eclipse.webdav,322,1,0.995316159,1,0.25,0.084375,1,1
org.eclipse.webdav.client,0,14,0.166666667,12,3,0.8,0.033333333,0.823223305,org.eclipse.webdav.client,0,0.666666667,0,org.eclipse.webdav.client,1423,0.928571429,0.976580796,1,0.5,0,0.514574554,0.467995265
org.eclipse.webdav.dom,0,31,0.107142857,5,3,0.625,0.267857143,0.770191229,org.eclipse.webdav.dom,0,1,0,org.eclipse.webdav.dom,2367,1,0.2,1,0,0.022372529,0.374283019,0.344194943
org.eclipse.webdav.http.client,0,12,0.714285714,10,3,0.769230769,0.483516484,0.858578644,org.eclipse.webdav.http.client,0,1,0.416666667,org.eclipse.webdav.http.client,1603,1,0.990632319,1,0.857142857,0.056944444,0.471244113,0.436041544
org.eclipse.webdav.internal.authentication,0,10,0,10,1,0.909090909,0.090909091,0.302783311,org.eclipse.webdav.internal.authentication,,0,0,org.eclipse.webdav.internal.authentication,1029,1,0.7,1,0,0,0.621186939,0.43563656
org.eclipse.webdav.internal.kernel,0,34,0.259259259,10,4,0.714285714,0.026455026,0.676185454,org.eclipse.webdav.internal.kernel,0,,0.25,org.eclipse.webdav.internal.kernel,1881,1,0.178571429,1,0,0.028970981,0.262852453,0.370189452
org.eclipse.webdav.internal.kernel.utils,0,11,0.222222222,5,5,0.5,0.277777778,0.292893219,org.eclipse.webdav.internal.kernel.utils,0,1,0,org.eclipse.webdav.internal.kernel.utils,412,1,0.818181818,1,0,0.075619835,0.520206595,0.534650551
org.eclipse.webdav.internal.utils,0,2,0,6,2,0.75,0.25,0.646446609,org.eclipse.webdav.internal.utils,0,0,0,org.eclipse.webdav.internal.utils,242,1,0.992974239,1,0.2,0,1,0.857142857
