Package Name,post,N,A,Ce,Ca,I,D,PkgMod
com.sun.jdi,0,64,2.555555556,7,21,0.25,1.805555556,0.524662637
com.sun.jdi.connect,0,8,1.666666667,4,5,0.444444444,1.111111111,0.614318784
com.sun.jdi.connect.spi,0,3,2,2,2,0.5,1.5,1
com.sun.jdi.event,0,20,0,4,6,0.4,0.6,0.333333333
com.sun.jdi.request,0,18,8,3,9,0.25,7.25,0.466022344
org.apache.lucene.demo.html,1,10,0.111111111,3,1,0.75,0.138888889,0.315346803
org.eclipse.ant.core,4,11,0.222222222,11,13,0.458333333,0.319444444,0.768974501
org.eclipse.ant.internal.core,0,6,0.5,7,6,0.538461538,0.038461538,0.472953723
org.eclipse.ant.internal.core.ant,3,8,0,12,0,0,1,0.469669914
org.eclipse.ant.internal.ui.antsupport,2,7,0,6,2,0.75,0.25,0.688195218
org.eclipse.ant.internal.ui.antsupport.inputhandler,0,1,0,4,0,0,1,1
org.eclipse.ant.internal.ui.antsupport.logger,3,4,0,15,0,0,1,0.292893219
org.eclipse.ant.internal.ui.console,2,4,0,14,0,0,1,1
org.eclipse.ant.internal.ui.datatransfer,10,4,0,25,0,0,1,0.646446609
org.eclipse.ant.internal.ui.dtd,0,9,2,7,2,0.777777778,1.777777778,0.646446609
org.eclipse.ant.internal.ui.dtd.schema,0,11,0,7,1,0.875,0.125,0.696954237
org.eclipse.ant.internal.ui.dtd.util,0,10,0.666666667,4,1,0.8,0.466666667,0.76429774
org.eclipse.ant.internal.ui.editor,18,10,0.111111111,43,4,0.914893617,0.026004728,0.823223305
org.eclipse.ant.internal.ui.editor.derived,1,6,0.5,10,1,0.909090909,0.409090909,0.528595479
org.eclipse.ant.internal.ui.editor.formatter,3,6,0,15,3,0.833333333,0.166666667,0.717157288
org.eclipse.ant.internal.ui.editor.model,3,9,0.125,16,7,0.695652174,0.179347826,1
org.eclipse.ant.internal.ui.editor.outline,13,18,0.2,32,8,0.8,0,0.75256417
org.eclipse.ant.internal.ui.editor.templates,2,11,0,23,3,0.884615385,0.115384615,0.671808363
org.eclipse.ant.internal.ui.editor.text,10,25,0.19047619,29,6,0.828571429,0.019047619,0.59175171
org.eclipse.ant.internal.ui.editor.tools,1,1,0,9,0,0,1,1
org.eclipse.ant.internal.ui.editor.utils,5,2,0,8,1,0.888888889,0.111111111,1
org.eclipse.ant.internal.ui.launchConfigurations,8,34,0.03030303,49,7,0.875,0.09469697,0.929549554
org.eclipse.ant.internal.ui.model,3,10,0.428571429,29,16,0.644444444,0.073015873,0.867417479
org.eclipse.ant.internal.ui.preferences,5,38,0.1875,43,8,0.843137255,0.030637255,0.868238431
org.eclipse.ant.internal.ui.views,2,6,0,21,2,0.913043478,0.086956522,0.688195218
org.eclipse.ant.internal.ui.views.actions,2,11,0,36,2,0.947368421,0.052631579,0.578729142
org.eclipse.ant.internal.ui.views.elements,1,5,0.25,6,2,0.75,0,1
org.eclipse.compare,2,23,1.555555556,26,14,0.65,1.205555556,0.70686231
org.eclipse.compare.contentmergeviewer,2,5,4,30,6,0.833333333,3.833333333,1
org.eclipse.compare.internal,0,56,0.217391304,36,9,0.8,0.017391304,0.851546076
org.eclipse.compare.internal.merge,0,3,0,6,0,0,1,1
org.eclipse.compare.internal.patch,0,10,0,28,0,0,1,0.898984746
org.eclipse.compare.rangedifferencer,0,5,0.25,4,4,0.5,0.25,0.528595479
org.eclipse.compare.structuremergeviewer,0,13,1.6,16,12,0.571428571,1.171428571,0.693813782
org.eclipse.core.boot,0,3,2,8,12,0.4,1.4,0.587521044
org.eclipse.core.expressions,1,10,1.5,5,11,0.3125,0.8125,0.785254331
org.eclipse.core.filebuffers,0,11,10,7,16,0.304347826,9.304347826,0.575735931
org.eclipse.core.internal.boot,0,7,0.166666667,9,6,0.6,0.233333333,0.647233159
org.eclipse.core.internal.compatibility,1,1,0,7,0,0,1,1
org.eclipse.core.internal.content,2,11,0,13,3,0.8125,0.1875,0.622876383
org.eclipse.core.internal.dependencies,0,16,0.230769231,3,1,0.75,0.019230769,0.88214887
org.eclipse.core.internal.dtree,0,17,0.307692308,4,2,0.666666667,0.025641026,0.891214341
org.eclipse.core.internal.events,4,18,0.125,13,3,0.8125,0.0625,0.811438192
org.eclipse.core.internal.expressions,1,27,0.038461538,7,1,0.875,0.086538462,0.692562269
org.eclipse.core.internal.filebuffers,0,11,0.375,10,2,0.833333333,0.208333333,0.661184536
org.eclipse.core.internal.indexing,0,39,0.3,4,2,0.666666667,0.033333333,0.914290087
org.eclipse.core.internal.jobs,3,17,0.0625,7,4,0.636363636,0.301136364,0.473580235
org.eclipse.core.internal.localstore,1,22,0.222222222,9,1,0.9,0.122222222,0.76429774
org.eclipse.core.internal.model,0,5,0.25,11,2,0.846153846,0.096153846,0.387627564
org.eclipse.core.internal.plugins,1,10,0,14,4,0.777777778,0.222222222,0.5
org.eclipse.core.internal.preferences,12,11,0.1,10,6,0.625,0.275,0.688195218
org.eclipse.core.internal.properties,0,9,0.125,9,2,0.818181818,0.056818182,0.76429774
org.eclipse.core.internal.refresh,1,5,0,10,3,0.769230769,0.230769231,0.35192593
org.eclipse.core.internal.registry,6,18,0.125,14,1,0.933333333,0.058333333,0.858578644
org.eclipse.core.internal.resources,9,77,0.132352941,26,7,0.787878788,0.079768271,0.833239566
org.eclipse.core.internal.resources.refresh.win32,0,4,0,10,0,0,1,0.292893219
org.eclipse.core.internal.runtime,5,26,0,30,17,0.638297872,0.361702128,0.691371485
org.eclipse.core.internal.utils,2,13,0,9,9,0.5,0.5,0.882411053
org.eclipse.core.internal.variables,1,7,0.166666667,12,1,0.923076923,0.08974359,0.315346803
org.eclipse.core.internal.watson,0,17,0.7,6,3,0.666666667,0.366666667,0.802448412
org.eclipse.core.launcher,0,2,0,7,0,0,1,1
org.eclipse.core.resources,5,40,12.33333333,12,188,0.06,11.39333333,0.702881714
org.eclipse.core.resources.ant,1,4,0,8,0,0,1,0.292893219
org.eclipse.core.resources.refresh,0,3,0,2,2,0.5,0.5,0.646446609
org.eclipse.core.resources.team,1,4,3,6,5,0.545454545,2.545454545,0.307179677
org.eclipse.core.runtime,6,42,2.818181818,14,347,0.038781163,1.856962982,0.697515222
org.eclipse.core.runtime.adaptor,15,24,0.142857143,36,2,0.947368421,0.090225564,0.714084969
org.eclipse.core.runtime.adaptor.testsupport,0,3,0,5,0,0,1,0.292893219
org.eclipse.core.runtime.content,0,7,2.5,8,15,0.347826087,1.847826087,0.671808363
org.eclipse.core.runtime.jobs,2,11,2.666666667,5,66,0.070422535,1.737089202,0.675466977
org.eclipse.core.runtime.model,0,13,0.181818182,8,3,0.727272727,0.090909091,0.705372175
org.eclipse.core.runtime.preferences,1,10,2.333333333,8,13,0.380952381,1.714285714,0.477259409
org.eclipse.core.variables,0,8,7,3,12,0.2,6.2,0.396779711
org.eclipse.debug.core,7,27,5.75,16,51,0.23880597,4.98880597,0.490065167
org.eclipse.debug.core.model,4,40,39,7,38,0.155555556,38.15555556,0.623615548
org.eclipse.debug.core.sourcelookup,1,10,0,8,10,0.444444444,0.555555556,0.847337676
org.eclipse.debug.core.sourcelookup.containers,2,12,0.333333333,10,7,0.588235294,0.078431373,0.759868881
org.eclipse.debug.internal.core,9,20,0,20,6,0.769230769,0.230769231,0.644304769
org.eclipse.debug.internal.core.memory,4,16,3,8,2,0.8,2.8,0.604715292
org.eclipse.debug.internal.core.sourcelookup,0,5,0,7,2,0.777777778,0.222222222,0.292893219
org.eclipse.debug.internal.core.sourcelookup.containers,0,8,0.142857143,7,1,0.875,0.017857143,1
org.eclipse.debug.internal.ui,10,27,0.125,47,18,0.723076923,0.151923077,0.633986928
org.eclipse.debug.internal.ui.actions,12,86,0.194444444,39,4,0.906976744,0.101421189,0.514523702
org.eclipse.debug.internal.ui.launchConfigurations,6,32,0.032258065,41,3,0.931818182,0.035923754,0.775011479
org.eclipse.debug.internal.ui.preferences,2,9,0.125,22,11,0.666666667,0.208333333,0.879563396
org.eclipse.debug.internal.ui.sourcelookup,5,26,0.04,39,2,0.951219512,0.008780488,0.692562269
org.eclipse.debug.internal.ui.sourcelookup.browsers,0,11,0,23,0,0,1,0.292893219
org.eclipse.debug.internal.ui.stringsubstitution,3,16,0.142857143,22,5,0.814814815,0.042328042,0.687305616
org.eclipse.debug.internal.ui.views,2,8,1,12,7,0.631578947,0.631578947,0.57408229
org.eclipse.debug.internal.ui.views.breakpoints,8,4,0,18,1,0.947368421,0.052631579,0.646446609
org.eclipse.debug.internal.ui.views.console,15,19,0.055555556,35,3,0.921052632,0.023391813,0.357197974
org.eclipse.debug.internal.ui.views.expression,6,6,0.2,26,0,0,0.8,0.76429774
org.eclipse.debug.internal.ui.views.launch,6,10,0.111111111,32,3,0.914285714,0.025396825,0.794519533
org.eclipse.debug.internal.ui.views.memory,9,46,0.4375,30,1,0.967741935,0.405241935,0.757563389
org.eclipse.debug.internal.ui.views.registers,0,4,0,13,0,0,1,1
org.eclipse.debug.internal.ui.views.variables,1,15,0.153846154,28,4,0.875,0.028846154,0.823223305
org.eclipse.debug.ui,8,18,3.5,35,29,0.546875,3.046875,0.697117985
org.eclipse.debug.ui.actions,3,14,0.555555556,18,1,0.947368421,0.502923977,0.753937254
org.eclipse.debug.ui.console,3,7,2.5,13,6,0.684210526,2.184210526,0.736476862
org.eclipse.debug.ui.sourcelookup,0,5,0.25,16,3,0.842105263,0.092105263,0.333333333
org.eclipse.help,0,8,7,9,16,0.36,6.36,0.750156299
org.eclipse.help.browser,0,2,0,1,7,0.125,0.875,0.361123435
org.eclipse.help.internal,0,4,0.333333333,8,13,0.380952381,0.285714286,0.347286048
org.eclipse.help.internal.appserver,1,6,0.2,8,3,0.727272727,0.072727273,1
org.eclipse.help.internal.base,1,9,0.125,23,11,0.676470588,0.198529412,0.88214887
org.eclipse.help.internal.base.util,0,3,0.5,6,6,0.5,0,0.646446609
org.eclipse.help.internal.browser,0,9,0,8,4,0.666666667,0.333333333,0.448014946
org.eclipse.help.internal.browser.macosx,0,2,0,6,0,0,1,0.292893219
org.eclipse.help.internal.context,1,11,0.222222222,11,5,0.6875,0.090277778,0.647233159
org.eclipse.help.internal.model,0,5,0,3,3,0.5,0.5,0.333333333
org.eclipse.help.internal.protocols,1,2,0,8,3,0.727272727,0.272727273,1
org.eclipse.help.internal.search,3,26,0.083333333,19,3,0.863636364,0.053030303,0.629610734
org.eclipse.help.internal.standalone,1,7,0.166666667,7,1,0.875,0.041666667,0.858578644
org.eclipse.help.internal.toc,1,12,0.2,15,8,0.652173913,0.147826087,0.562758341
org.eclipse.help.internal.util,0,3,0,8,7,0.533333333,0.466666667,0.696954237
org.eclipse.help.internal.webapp,0,2,0,6,2,0.75,0.25,1
org.eclipse.help.internal.webapp.data,3,16,0,17,1,0.944444444,0.055555556,0.782428683
org.eclipse.help.internal.webapp.servlet,3,15,0.071428571,17,1,0.944444444,0.015873016,0.607162899
org.eclipse.help.internal.workingset,0,9,0.285714286,16,5,0.761904762,0.047619048,0.74287919
org.eclipse.help.standalone,0,2,0,4,0,0,1,1
org.eclipse.help.ui.browser,0,1,0,8,0,0,1,1
org.eclipse.help.ui.internal,2,13,0.181818182,29,4,0.878787879,0.060606061,0.594953706
org.eclipse.help.ui.internal.browser,1,3,0,17,0,0,1,0.292893219
org.eclipse.help.ui.internal.browser.embedded,0,3,0,15,0,0,1,0.292893219
org.eclipse.help.ui.internal.ide,0,3,0.5,11,2,0.846153846,0.346153846,0.292893219
org.eclipse.help.ui.internal.search,0,11,0,25,0,0,1,0.717157288
org.eclipse.help.ui.internal.util,0,2,0,11,4,0.733333333,0.266666667,0.532292827
org.eclipse.help.ui.internal.workingset,0,5,0,16,1,0.941176471,0.058823529,0.472953723
org.eclipse.jdi,0,3,0.5,5,6,0.454545455,0.045454545,0.646446609
org.eclipse.jdi.hcr,0,6,5,3,4,0.428571429,4.428571429,0.315346803
org.eclipse.jdi.internal,2,48,0.170731707,20,6,0.769230769,0.060037523,0.883201133
org.eclipse.jdi.internal.connect,0,11,0.375,10,2,0.833333333,0.208333333,0.655286843
org.eclipse.jdi.internal.event,0,21,0.166666667,12,2,0.857142857,0.023809524,0.513944448
org.eclipse.jdi.internal.jdwp,0,19,0.117647059,5,4,0.555555556,0.326797386,0.334487735
org.eclipse.jdi.internal.request,0,18,0.125,11,2,0.846153846,0.028846154,0.547144477
org.eclipse.jdi.internal.spy,0,8,0.142857143,6,0,0,0.857142857,0.76429774
org.eclipse.jdt.core,12,59,3.214285714,28,116,0.194444444,2.408730159,0.76207758
org.eclipse.jdt.core.compiler,12,5,1.5,2,58,0.033333333,0.533333333,0.301458118
org.eclipse.jdt.core.dom,44,125,0.179245283,21,39,0.35,0.470754717,0.856880348
org.eclipse.jdt.core.dom.rewrite,1,3,0.5,5,9,0.357142857,0.142857143,0.59175171
org.eclipse.jdt.core.eval,0,3,0,5,4,0.555555556,0.444444444,0.604715292
org.eclipse.jdt.core.formatter,2,2,1,6,17,0.260869565,0.260869565,0.750432901
org.eclipse.jdt.core.jdom,0,12,5,4,1,0.8,4.8,0.646446609
org.eclipse.jdt.core.search,3,21,0.75,19,42,0.31147541,0.06147541,0.939297387
org.eclipse.jdt.core.util,1,41,9.25,5,6,0.454545455,8.704545455,0.716035153
org.eclipse.jdt.debug.core,3,30,29,8,21,0.275862069,28.27586207,0.671739277
org.eclipse.jdt.debug.eval,0,7,6,6,8,0.428571429,5.428571429,0.802357646
org.eclipse.jdt.debug.ui,0,3,0.5,16,7,0.695652174,0.195652174,0.322369073
org.eclipse.jdt.debug.ui.launchConfigurations,1,9,0,32,5,0.864864865,0.135135135,0.35192593
org.eclipse.jdt.internal.antadapter,0,1,0,4,1,0.8,0.2,1
org.eclipse.jdt.internal.codeassist,10,7,2.5,18,4,0.818181818,2.318181818,0.736476862
org.eclipse.jdt.internal.codeassist.complete,7,32,0.032258065,10,1,0.909090909,0.058651026,0.401678877
org.eclipse.jdt.internal.codeassist.impl,6,4,3,11,5,0.6875,2.6875,0.575735931
org.eclipse.jdt.internal.codeassist.select,3,18,0,10,1,0.909090909,0.090909091,0.347286048
org.eclipse.jdt.internal.compiler,11,15,0.875,13,26,0.333333333,0.208333333,0.541319389
org.eclipse.jdt.internal.compiler.ast,42,98,0.180722892,12,20,0.375,0.444277108,0.771663435
org.eclipse.jdt.internal.compiler.batch,3,6,0,11,3,0.785714286,0.214285714,0.387627564
org.eclipse.jdt.internal.compiler.classfmt,1,7,0.4,10,16,0.384615385,0.215384615,0.779205978
org.eclipse.jdt.internal.compiler.codegen,1,16,0.230769231,10,6,0.625,0.144230769,1
org.eclipse.jdt.internal.compiler.env,0,16,15,2,25,0.074074074,14.07407407,0.559772786
org.eclipse.jdt.internal.compiler.flow,1,11,0.1,8,4,0.666666667,0.233333333,0.878669565
org.eclipse.jdt.internal.compiler.impl,0,13,0.3,11,30,0.268292683,0.431707317,0.418813474
org.eclipse.jdt.internal.compiler.lookup,32,42,0.448275862,12,24,0.333333333,0.218390805,0.963692255
org.eclipse.jdt.internal.compiler.parser,31,21,0.166666667,13,20,0.393939394,0.439393939,0.81478241
org.eclipse.jdt.internal.compiler.parser.diagnose,0,3,0,9,1,0.9,0.1,0.292893219
org.eclipse.jdt.internal.compiler.problem,16,10,0.111111111,11,23,0.323529412,0.565359477,0.382045859
org.eclipse.jdt.internal.compiler.util,2,11,0.1,6,21,0.222222222,0.677777778,0.300145788
org.eclipse.jdt.internal.core,25,121,0.141509434,34,16,0.68,0.178490566,0.828044189
org.eclipse.jdt.internal.core.builder,2,23,0.095238095,18,3,0.857142857,0.047619048,0.717157288
org.eclipse.jdt.internal.core.dom.rewrite,2,13,0.083333333,9,2,0.818181818,0.098484848,0.84286516
org.eclipse.jdt.internal.core.eval,0,3,0,12,1,0.923076923,0.076923077,0.292893219
org.eclipse.jdt.internal.core.hierarchy,1,10,0.25,23,3,0.884615385,0.134615385,0.539545724
org.eclipse.jdt.internal.core.index,2,4,0,8,3,0.727272727,0.272727273,1
org.eclipse.jdt.internal.core.jdom,1,15,0.25,11,2,0.846153846,0.096153846,0.774089613
org.eclipse.jdt.internal.core.search,2,11,0.222222222,15,4,0.789473684,0.011695906,0.558058262
org.eclipse.jdt.internal.core.search.indexing,4,16,0.230769231,21,6,0.777777778,0.008547009,0.887135789
org.eclipse.jdt.internal.core.search.matching,18,40,0.111111111,26,3,0.896551724,0.007662835,0.646446609
org.eclipse.jdt.internal.core.search.processing,0,2,0,4,5,0.444444444,0.555555556,0.35192593
org.eclipse.jdt.internal.core.util,14,40,0.111111111,24,16,0.6,0.288888889,0.676185454
org.eclipse.jdt.internal.corext,0,5,0,9,35,0.204545455,0.795454545,0.838375593
org.eclipse.jdt.internal.corext.callhierarchy,0,14,0.272727273,14,1,0.933333333,0.206060606,0.742870261
org.eclipse.jdt.internal.corext.codemanipulation,2,19,0.117647059,32,21,0.603773585,0.278579356,0.829916677
org.eclipse.jdt.internal.corext.dom,5,21,0.105263158,14,25,0.358974359,0.535762483,0.612101423
org.eclipse.jdt.internal.corext.dom.fragments,0,9,0.5,7,1,0.875,0.375,0.797969491
org.eclipse.jdt.internal.corext.javadoc,0,5,0.25,21,9,0.7,0.05,1
org.eclipse.jdt.internal.corext.refactoring,3,10,0.111111111,17,13,0.566666667,0.322222222,0.829916677
org.eclipse.jdt.internal.corext.refactoring.base,0,5,0.666666667,12,12,0.5,0.166666667,0.315346803
org.eclipse.jdt.internal.corext.refactoring.changes,1,31,0.192307692,15,10,0.6,0.207692308,0.392749259
org.eclipse.jdt.internal.corext.refactoring.code,5,26,0.04,30,4,0.882352941,0.077647059,0.670017564
org.eclipse.jdt.internal.corext.refactoring.code.flow,0,20,0.111111111,6,2,0.75,0.138888889,0.925567707
org.eclipse.jdt.internal.corext.refactoring.nls,1,17,0,30,5,0.857142857,0.142857143,0.619941525
org.eclipse.jdt.internal.corext.refactoring.nls.changes,0,4,0,11,4,0.733333333,0.266666667,0.844097609
org.eclipse.jdt.internal.corext.refactoring.participants,0,5,0,10,3,0.769230769,0.230769231,0.333333333
org.eclipse.jdt.internal.corext.refactoring.rename,1,22,0.1,23,7,0.766666667,0.133333333,0.878594773
org.eclipse.jdt.internal.corext.refactoring.reorg,3,26,0.625,28,8,0.777777778,0.402777778,0.909476031
org.eclipse.jdt.internal.corext.refactoring.sef,2,2,0,21,1,0.954545455,0.045454545,1
org.eclipse.jdt.internal.corext.refactoring.structure,12,24,0.043478261,33,6,0.846153846,0.110367893,0.74287919
org.eclipse.jdt.internal.corext.refactoring.surround,0,5,0.25,21,2,0.913043478,0.163043478,0.646446609
org.eclipse.jdt.internal.corext.refactoring.tagging,1,5,0,3,3,0.5,0.5,1
org.eclipse.jdt.internal.corext.refactoring.typeconstraints,0,23,0.277777778,9,2,0.818181818,0.095959596,0.880528847
org.eclipse.jdt.internal.corext.refactoring.util,1,13,0.083333333,21,10,0.677419355,0.239247312,0.296437636
org.eclipse.jdt.internal.corext.template.java,0,14,0.166666667,31,9,0.775,0.058333333,0.819307638
org.eclipse.jdt.internal.corext.textmanipulation,0,5,0.25,15,9,0.625,0.125,1
org.eclipse.jdt.internal.corext.util,4,17,0.0625,19,49,0.279411765,0.658088235,0.682179505
org.eclipse.jdt.internal.debug.core,4,5,0.25,12,10,0.545454545,0.204545455,1
org.eclipse.jdt.internal.debug.core.breakpoints,6,11,0.1,15,2,0.882352941,0.017647059,0.858578644
org.eclipse.jdt.internal.debug.core.hcr,5,6,0.2,17,1,0.944444444,0.144444444,0.333333333
org.eclipse.jdt.internal.debug.core.logicalstructures,1,9,0.285714286,5,0,0,0.714285714,0.292893219
org.eclipse.jdt.internal.debug.core.model,11,26,0.238095238,14,9,0.608695652,0.15320911,0.92143258
org.eclipse.jdt.internal.debug.core.refactoring,2,23,0.045454545,12,0,0,0.954545455,0.932656497
org.eclipse.jdt.internal.debug.eval,0,3,0,12,1,0.923076923,0.076923077,0.387627564
org.eclipse.jdt.internal.debug.eval.ast.engine,8,11,0.1,12,2,0.857142857,0.042857143,0.734834957
org.eclipse.jdt.internal.debug.eval.ast.instructions,1,77,0.1,13,1,0.928571429,0.028571429,0.915147186
org.eclipse.jdt.internal.debug.ui,14,55,0.1,60,13,0.821917808,0.078082192,0.722856824
org.eclipse.jdt.internal.debug.ui.actions,13,86,0.146666667,48,9,0.842105263,0.01122807,0.682698012
org.eclipse.jdt.internal.debug.ui.breakpoints,0,5,0,26,1,0.962962963,0.037037037,0.472953723
org.eclipse.jdt.internal.debug.ui.classpath,0,12,0.2,21,2,0.913043478,0.113043478,0.736476862
org.eclipse.jdt.internal.debug.ui.console,2,8,0,17,0,0,1,0.76429774
org.eclipse.jdt.internal.debug.ui.display,1,11,0.1,30,3,0.909090909,0.009090909,0.626159199
org.eclipse.jdt.internal.debug.ui.jres,1,12,0.2,37,2,0.948717949,0.148717949,0.911611652
org.eclipse.jdt.internal.debug.ui.launcher,2,33,0.137931034,46,6,0.884615385,0.022546419,0.702270829
org.eclipse.jdt.internal.debug.ui.monitors,0,16,0.142857143,18,0,0,0.857142857,0.696954237
org.eclipse.jdt.internal.debug.ui.propertypages,4,10,0,30,0,0,1,0.84286516
org.eclipse.jdt.internal.debug.ui.snippeteditor,0,24,0.090909091,58,2,0.966666667,0.057575758,0.833621934
org.eclipse.jdt.internal.debug.ui.sourcelookup,0,6,0,21,0,0,1,0.292893219
org.eclipse.jdt.internal.eval,6,28,0.12,18,2,0.9,0.02,0.673106423
org.eclipse.jdt.internal.formatter,10,9,0,15,5,0.75,0.25,0.434314575
org.eclipse.jdt.internal.formatter.align,2,2,0,2,2,0.5,0.5,0.387627564
org.eclipse.jdt.internal.formatter.old,0,1,0,8,1,0.888888889,0.111111111,0.292893219
org.eclipse.jdt.internal.junit.launcher,2,9,0.285714286,34,2,0.944444444,0.23015873,0.646446609
org.eclipse.jdt.internal.junit.refactoring,1,5,0.25,10,0,0,0.75,1
org.eclipse.jdt.internal.junit.runner,0,3,0,7,2,0.777777778,0.222222222,0.292893219
org.eclipse.jdt.internal.junit.ui,7,36,0.2,54,5,0.915254237,0.115254237,1
org.eclipse.jdt.internal.junit.util,1,10,0.111111111,27,4,0.870967742,0.017921147,0.562996313
org.eclipse.jdt.internal.junit.wizards,0,10,0.25,40,2,0.952380952,0.202380952,0.646446609
org.eclipse.jdt.internal.launching,7,37,0.027777778,26,9,0.742857143,0.229365079,0.80952381
org.eclipse.jdt.internal.launching.macosx,0,5,0,10,0,0,1,0.646446609
org.eclipse.jdt.internal.launching.support,0,1,0,2,0,0,1,1
org.eclipse.jdt.internal.ui,0,24,0.2,41,61,0.401960784,0.398039216,0.46238314
org.eclipse.jdt.internal.ui.actions,0,28,0.166666667,51,18,0.739130435,0.094202899,0.733372088
org.eclipse.jdt.internal.ui.browsing,1,23,0.15,38,4,0.904761905,0.054761905,0.766146413
org.eclipse.jdt.internal.ui.callhierarchy,2,37,0.057142857,45,1,0.97826087,0.035403727,0.867417479
org.eclipse.jdt.internal.ui.compare,3,24,0.090909091,51,3,0.944444444,0.035353535,0.361123435
org.eclipse.jdt.internal.ui.dialogs,3,17,0.0625,38,18,0.678571429,0.258928571,0.302783311
org.eclipse.jdt.internal.ui.dnd,0,8,0.333333333,15,5,0.75,0.083333333,0.434314575
org.eclipse.jdt.internal.ui.filters,1,22,0,23,6,0.793103448,0.206896552,1
org.eclipse.jdt.internal.ui.infoviews,2,7,0.166666667,40,0,0,0.833333333,0.717157288
org.eclipse.jdt.internal.ui.jarpackager,0,18,0.125,43,1,0.977272727,,0.848477118
org.eclipse.jdt.internal.ui.javadocexport,0,16,0.066666667,51,1,0.980769231,0.047435897,0.333333333
org.eclipse.jdt.internal.ui.javaeditor,13,60,0.132075472,66,34,0.66,0.207924528,0.745472358
org.eclipse.jdt.internal.ui.javaeditor.selectionactions,0,7,0.166666667,20,1,0.952380952,0.119047619,0.646446609
org.eclipse.jdt.internal.ui.macbundler,0,10,0.25,20,0,0,0.75,1
org.eclipse.jdt.internal.ui.packageview,1,21,0,42,9,0.823529412,0.176470588,0.944661884
org.eclipse.jdt.internal.ui.preferences,9,51,0.0625,60,21,0.740740741,0.196759259,0.825109364
org.eclipse.jdt.internal.ui.preferences.formatter,4,22,0.1,36,2,0.947368421,0.047368421,0.654370381
org.eclipse.jdt.internal.ui.refactoring,4,40,0.142857143,51,9,0.85,0.007142857,0.532247002
org.eclipse.jdt.internal.ui.refactoring.actions,0,10,0,30,3,0.909090909,0.090909091,0.292893219
org.eclipse.jdt.internal.ui.refactoring.code,0,4,0,27,2,0.931034483,0.068965517,1
org.eclipse.jdt.internal.ui.refactoring.contentassist,1,8,0,24,5,0.827586207,0.172413793,0.307179677
org.eclipse.jdt.internal.ui.refactoring.nls,1,15,0.071428571,37,1,0.973684211,0.045112782,0.35192593
org.eclipse.jdt.internal.ui.refactoring.nls.search,1,16,0,38,0,0,1,0.787867966
org.eclipse.jdt.internal.ui.refactoring.reorg,1,33,0.064516129,41,4,0.911111111,0.02437276,0.602383209
org.eclipse.jdt.internal.ui.refactoring.sef,0,2,0,15,1,0.9375,0.0625,1
org.eclipse.jdt.internal.ui.search,6,76,0.134328358,46,9,0.836363636,0.029308005,0.768126258
org.eclipse.jdt.internal.ui.text,3,44,0.157894737,47,16,0.746031746,0.096073517,0.669701839
org.eclipse.jdt.internal.ui.text.comment,0,17,0.307692308,18,4,0.818181818,0.125874126,0.878669565
org.eclipse.jdt.internal.ui.text.correction,14,50,0.041666667,57,4,0.93442623,0.023907104,0.673106423
org.eclipse.jdt.internal.ui.text.folding,0,6,0,20,3,0.869565217,0.130434783,0.472953723
org.eclipse.jdt.internal.ui.text.java,1,28,0.12,50,10,0.833333333,0.046666667,0.834660113
org.eclipse.jdt.internal.ui.text.java.hover,2,14,0.166666667,35,5,0.875,0.041666667,0.709375139
org.eclipse.jdt.internal.ui.text.javadoc,1,10,0.666666667,24,7,0.774193548,0.440860215,0.757189547
org.eclipse.jdt.internal.ui.text.spelling,1,13,0,25,3,0.892857143,0.107142857,0.57408229
org.eclipse.jdt.internal.ui.text.spelling.engine,0,17,1.428571429,6,2,0.75,1.178571429,1
org.eclipse.jdt.internal.ui.text.template.contentassist,0,9,0,22,7,0.75862069,0.24137931,0.753856272
org.eclipse.jdt.internal.ui.text.template.preferences,0,4,0,12,1,0.923076923,0.076923077,0.292893219
org.eclipse.jdt.internal.ui.typehierarchy,2,29,0.115384615,42,3,0.933333333,0.048717949,0.324645092
org.eclipse.jdt.internal.ui.util,1,19,0.055555556,38,39,0.493506494,0.450937951,0.347286048
org.eclipse.jdt.internal.ui.viewsupport,5,25,0.136363636,29,31,0.483333333,0.38030303,0.510598446
org.eclipse.jdt.internal.ui.wizards,1,22,0.157894737,42,6,0.875,0.032894737,0.934003367
org.eclipse.jdt.internal.ui.wizards.buildpaths,2,37,0.027777778,42,4,0.913043478,0.059178744,0.843397395
org.eclipse.jdt.internal.ui.wizards.dialogfields,0,16,0.333333333,13,6,0.684210526,0.01754386,0.513864088
org.eclipse.jdt.internal.ui.workingsets,0,9,0,30,3,0.909090909,0.090909091,0.543564535
org.eclipse.jdt.junit,0,2,1,2,1,0.666666667,0.666666667,0.292893219
org.eclipse.jdt.launching,3,24,1.666666667,18,25,0.418604651,1.085271318,0.906191685
org.eclipse.jdt.launching.sourcelookup,1,8,0.142857143,17,3,0.85,0.007142857,0.811438192
org.eclipse.jdt.launching.sourcelookup.containers,0,6,0,10,2,0.833333333,0.166666667,0.292893219
org.eclipse.jdt.ui,1,18,0.8,42,59,0.415841584,0.215841584,0.418596989
org.eclipse.jdt.ui.actions,6,86,0.036144578,66,15,0.814814815,0.149040607,0.424932069
org.eclipse.jdt.ui.jarpackager,0,6,2,12,0,0,1,0.734834957
org.eclipse.jdt.ui.refactoring,0,2,1,13,2,0.866666667,0.866666667,0.292893219
org.eclipse.jdt.ui.search,0,6,2,7,1,0.875,1.875,0.587521044
org.eclipse.jdt.ui.text,2,5,1.5,27,19,0.586956522,1.086956522,0.890653838
org.eclipse.jdt.ui.text.folding,0,2,0,3,2,0.6,0.4,0.575735931
org.eclipse.jdt.ui.text.java,0,6,0,5,8,0.384615385,0.6153,0.668808968
org.eclipse.jdt.ui.text.java.hover,0,1,0,2,1,0.666666667,0.333333333,1
org.eclipse.jdt.ui.wizards,4,12,1,43,9,0.826923077,0.826923077,0.541842781
org.eclipse.jface.action,8,32,1,13,121,0.097014925,0.097014925,0.779285108
org.eclipse.jface.contentassist,0,10,1.5,13,6,0.684210526,1.184210526,0.462803344
org.eclipse.jface.dialogs,4,19,0.9,22,149,0.128654971,0.028654971,0.821388182
org.eclipse.jface.internal.text.link.contentassist,0,14,0.4,13,1,0.928571429,0.328571429,0.315346803
org.eclipse.jface.operation,2,4,1,6,70,0.078947368,0.078947368,0.311612354
org.eclipse.jface.preference,10,30,0.5,16,105,0.132231405,0.367768595,0.75835386
org.eclipse.jface.resource,4,13,0.3,11,135,0.075342466,0.624657534,0.663540827
org.eclipse.jface.text,0,106,1.717948718,16,116,0.121212121,0.839160839,0.69941332
org.eclipse.jface.text.contentassist,0,23,1.090909091,11,24,0.314285714,0.405194805,0.763434977
org.eclipse.jface.text.formatter,0,10,1.5,4,9,0.307692308,0.807692308,0.595938982
org.eclipse.jface.text.information,0,6,5,5,5,0.5,4.5,0.646446609
org.eclipse.jface.text.link,0,10,0.111111111,10,6,0.625,0.263888889,0.76429774
org.eclipse.jface.text.presentation,0,5,4,4,6,0.4,3.4,1
org.eclipse.jface.text.projection,0,12,0.090909091,3,3,0.5,0.409090909,0.792130145
org.eclipse.jface.text.reconciler,0,13,2.25,4,9,0.307692308,1.557692308,0.786408938
org.eclipse.jface.text.rules,0,24,0.5,5,9,0.357142857,0.142857143,0.931506511
org.eclipse.jface.text.source,0,50,1.083333333,18,45,0.285714286,0.369047619,0.858631854
org.eclipse.jface.text.source.projection,0,10,0.111111111,14,3,0.823529412,0.065359477,0.88214887
org.eclipse.jface.text.templates,0,18,0.125,11,17,0.392857143,0.482142857,0.88214887
org.eclipse.jface.text.templates.persistence,0,4,0,13,11,0.541666667,0.458333333,0.678587827
org.eclipse.jface.util,3,13,0.625,10,128,0.072463768,0.302536232,0.434529928
org.eclipse.jface.viewers,14,69,1.555555556,12,153,0.072727273,0.628282828,0.620155379
org.eclipse.jface.window,1,3,0.5,15,93,0.138888889,0.361111111,0.338906402
org.eclipse.jface.wizard,1,10,4,14,57,0.197183099,3.197183099,0.778857656
org.eclipse.ltk.core.refactoring,0,24,0.6,7,21,0.25,0.15,0.859768575
org.eclipse.ltk.core.refactoring.participants,0,25,1.083333333,6,7,0.461538462,0.544871795,0.675909392
org.eclipse.ltk.internal.core.refactoring,0,18,0.058823529,11,1,0.916666667,0.024509804,0.693587061
org.eclipse.ltk.internal.ui.refactoring,0,38,0.225806452,38,0,0,0.774193548,0.758095049
org.eclipse.ltk.internal.ui.refactoring.util,0,3,0,7,1,0.875,0.125,1
org.eclipse.ltk.ui.refactoring,0,12,1.4,22,6,0.785714286,1.185714286,0.415868311
org.eclipse.osgi.framework.adaptor,0,11,4.5,8,8,0.5,4,0.614318784
org.eclipse.osgi.framework.adaptor.core,1,12,1.4,15,5,0.75,1.15,0.901025668
org.eclipse.osgi.framework.console,0,2,0,3,2,0.6,0.4,1
org.eclipse.osgi.framework.debug,0,2,0,6,7,0.461538462,0.538461538,0.361123435
org.eclipse.osgi.framework.eventmgr,0,6,0.2,3,1,0.75,0.05,0.823223305
org.eclipse.osgi.framework.internal.core,2,48,0.11627907,22,10,0.6875,0.19622093,0.75079381
org.eclipse.osgi.framework.internal.defaultadaptor,1,8,0,15,1,0.9375,0.0625,0.575735931
org.eclipse.osgi.framework.internal.protocol,0,7,0.166666667,8,1,0.888888889,0.055555556,0.646446609
org.eclipse.osgi.framework.internal.protocol.bundleentry,0,1,0,4,1,0.8,0.2,0.292893219
org.eclipse.osgi.framework.internal.protocol.bundleresource,0,1,0,4,1,0.8,0.2,0.292893219
org.eclipse.osgi.framework.internal.protocol.reference,1,2,0,4,0,0,1,0.292893219
org.eclipse.osgi.framework.internal.reliablefile,0,3,0,4,1,0.8,0.2,0.292893219
org.eclipse.osgi.framework.launcher,0,1,0,8,1,0.888888889,0.111111111,0.292893219
org.eclipse.osgi.framework.log,0,2,1,3,5,0.375,0.375,0.307179677
org.eclipse.osgi.framework.msg,0,1,0,3,9,0.25,0.75,0.76429774
org.eclipse.osgi.framework.stats,0,5,0,7,1,0.875,0.125,1
org.eclipse.osgi.framework.util,0,5,0,10,6,0.625,0.375,0.646446609
org.eclipse.osgi.internal.resolver,1,24,0.142857143,11,3,0.785714286,0.071428571,1
org.eclipse.osgi.service.datalocation,2,2,1,6,10,0.375,0.375,0.646446609
org.eclipse.osgi.service.debug,0,1,0,1,4,0.2,0.8,0.292893219
org.eclipse.osgi.service.environment,0,2,0,1,9,0.1,0.9,0.607162899
org.eclipse.osgi.service.localization,0,1,0,3,2,0.6,0.4,0.646446609
org.eclipse.osgi.service.pluginconversion,0,2,1,3,3,0.5,0.5,0.292893219
org.eclipse.osgi.service.resolver,0,16,4.333333333,4,18,0.181818182,3.515151515,0.728288461
org.eclipse.osgi.service.runnable,0,1,0,1,2,0.333333333,0.666666667,0.292893219
org.eclipse.osgi.service.systembundle,0,1,0,3,2,0.6,0.4,0.292893219
org.eclipse.osgi.service.urlconversion,0,1,0,2,2,0.5,0.5,1
org.eclipse.osgi.util,0,1,0,7,15,0.318181818,0.681818182,0.434314575
org.eclipse.pde.ant,0,1,0,15,0,0,1,1
org.eclipse.pde.core,0,14,13,4,42,0.086956522,12.08695652,0.536172387
org.eclipse.pde.core.build,0,4,0,3,12,0.2,0.8,0.649185252
org.eclipse.pde.core.plugin,0,22,0,6,31,0.162162162,0.837837838,0.770911958
org.eclipse.pde.internal,0,5,0.25,8,10,0.444444444,0.305555556,0.53766895
org.eclipse.pde.internal.build,0,18,0.285714286,17,8,0.68,0.034285714,0.782428683
org.eclipse.pde.internal.build.ant,0,8,0.142857143,3,3,0.5,0.357142857,0.734834957
org.eclipse.pde.internal.build.builder,0,7,0.4,13,5,0.722222222,0.122222222,0.755051026
org.eclipse.pde.internal.build.packager,0,4,0,12,1,0.923076923,0.076923077,0.292893219
org.eclipse.pde.internal.build.site,0,9,0,16,4,0.8,0.2,1
org.eclipse.pde.internal.build.tasks,0,10,0,14,0,0,1,1
org.eclipse.pde.internal.builders,3,14,0.166666667,23,6,0.793103448,0.040229885,0.50612103
org.eclipse.pde.internal.core,0,42,0.272727273,35,32,0.52238806,0.204884668,0.826110838
org.eclipse.pde.internal.core.build,0,8,0.333333333,9,8,0.529411765,0.137254902,0.9021924
org.eclipse.pde.internal.core.bundle,0,10,0.25,15,3,0.833333333,0.083333333,0.626159199
org.eclipse.pde.internal.core.feature,0,16,0.142857143,13,7,0.65,0.207142857,0.735810828
org.eclipse.pde.internal.core.ibundle,0,11,0,4,6,0.4,0.6,0.292893219
org.eclipse.pde.internal.core.ifeature,0,15,0,6,13,0.315789474,0.684210526,0.733530645
org.eclipse.pde.internal.core.ischema,0,19,0,4,10,0.285714286,0.714285714,0.717157288
org.eclipse.pde.internal.core.isite,0,13,0,6,7,0.461538462,0.538461538,0.871847211
org.eclipse.pde.internal.core.plugin,0,27,0.5,19,13,0.59375,0.09375,0.76429774
org.eclipse.pde.internal.core.schema,0,22,0.294117647,13,9,0.590909091,0.114973262,0.669362755
org.eclipse.pde.internal.core.search,0,4,0.333333333,7,1,0.875,0.208333333,0.528595479
org.eclipse.pde.internal.core.site,0,17,0.307692308,13,4,0.764705882,0.07239819,0.76429774
org.eclipse.pde.internal.core.util,0,2,0,3,4,0.428571429,0.571428571,0.292893219
org.eclipse.pde.internal.junit.runtime,0,5,0,9,0,0,1,0.292893219
org.eclipse.pde.internal.runtime,0,4,0.333333333,12,2,0.857142857,0.19047619,0.292893219
org.eclipse.pde.internal.runtime.logview,1,10,0,28,0,0,1,0.607162899
org.eclipse.pde.internal.runtime.registry,0,18,0.2,18,1,0.947368421,0.147368421,0.575735931
org.eclipse.pde.internal.ui,0,8,0.6,37,28,0.569230769,0.169230769,0.721703432
org.eclipse.pde.internal.ui.ant,0,4,0.333333333,11,0,0,0.666666667,0.292893219
org.eclipse.pde.internal.ui.build,0,6,0.2,32,3,0.914285714,0.114285714,1
org.eclipse.pde.internal.ui.editor,0,37,0.761904762,43,9,0.826923077,0.588827839,0.750171527
org.eclipse.pde.internal.ui.editor.build,0,16,0.066666667,42,2,0.954545455,0.021212121,0.787867966
org.eclipse.pde.internal.ui.editor.context,0,5,0,18,7,0.72,0.28,0.479379295
org.eclipse.pde.internal.ui.editor.feature,0,44,0.047619048,53,1,0.981481481,0.029100529,0.393939394
org.eclipse.pde.internal.ui.editor.plugin,0,38,0,72,6,0.923076923,0.076923077,0.642642666
org.eclipse.pde.internal.ui.editor.plugin.rows,0,7,0.4,27,1,0.964285714,0.364285714,0.292893219
org.eclipse.pde.internal.ui.editor.schema,0,36,0.090909091,39,1,0.975,0.065909091,0.472953723
org.eclipse.pde.internal.ui.editor.site,0,19,0.055555556,39,0,0,0.944444444,0.646446609
org.eclipse.pde.internal.ui.editor.text,0,15,0.363636364,20,7,0.740740741,0.104377104,0.650072894
org.eclipse.pde.internal.ui.elements,0,9,0.5,4,7,0.363636364,0.136363636,0.595938982
org.eclipse.pde.internal.ui.launcher,0,20,0.111111111,42,3,0.933333333,0.044444444,0.57695198
org.eclipse.pde.internal.ui.model,0,9,8,12,7,0.631578947,7.631578947,0.595938982
org.eclipse.pde.internal.ui.model.build,0,4,0,10,1,0.909090909,0.090909091,0.333333333
org.eclipse.pde.internal.ui.model.bundle,0,4,0,11,1,0.916666667,0.083333333,0.528595479
org.eclipse.pde.internal.ui.model.plugin,0,19,0.266666667,16,1,0.941176471,0.207843137,0.553406243
org.eclipse.pde.internal.ui.parts,0,18,0.5,22,16,0.578947368,0.078947368,0.29843924
org.eclipse.pde.internal.ui.preferences,0,12,0,33,2,0.942857143,0.057142857,0.387627564
org.eclipse.pde.internal.ui.properties,0,1,0,16,0,0,1,1
org.eclipse.pde.internal.ui.search,0,25,0,40,4,0.909090909,0.090909091,0.724007473
org.eclipse.pde.internal.ui.util,0,7,0.166666667,13,23,0.361111111,0.472222222,0.326437679
org.eclipse.pde.internal.ui.view,0,14,0,43,1,0.977272727,0.022727273,0.387627564
org.eclipse.pde.internal.ui.wizards,0,17,0.545454545,27,14,0.658536585,0.203991131,0.625425411
org.eclipse.pde.internal.ui.wizards.exports,0,8,0.333333333,38,4,0.904761905,0.238095238,0.636660894
org.eclipse.pde.internal.ui.wizards.extension,0,12,0.090909091,38,1,0.974358974,0.065268065,0.419711543
org.eclipse.pde.internal.ui.wizards.feature,0,11,0.1,41,0,0,0.9,0.696954237
org.eclipse.pde.internal.ui.wizards.imports,0,12,0.090909091,38,1,0.974358974,0.065268065,0.696954237
org.eclipse.pde.internal.ui.wizards.plugin,0,13,0.181818182,38,0,0,0.818181818,0.678587827
org.eclipse.pde.internal.ui.wizards.site,0,3,0,29,0,0,1,0.292893219
org.eclipse.pde.internal.ui.wizards.templates,0,25,0.086956522,21,2,0.913043478,0,0.706316497
org.eclipse.pde.internal.ui.wizards.tools,0,9,0,29,0,0,1,0.575735931
org.eclipse.pde.ui,0,7,0,6,6,0.5,0.5,0.485758379
org.eclipse.pde.ui.internal.samples,0,8,0,37,0,0,1,0.434314575
org.eclipse.pde.ui.templates,0,13,2.25,20,3,0.869565217,2.119565217,0.802448412
org.eclipse.platform.internal,0,1,0,8,0,0,1,1
org.eclipse.search.internal.core,0,2,1,5,3,0.625,0.625,0.333333333
org.eclipse.search.internal.core.text,1,9,0.285714286,15,2,0.882352941,0.168067227,0.717157288
org.eclipse.search.internal.ui,2,36,0.028571429,33,6,0.846153846,0.125274725,0.84286516
org.eclipse.search.internal.ui.text,4,29,0.035714286,41,0,0,0.964285714,0.667243868
org.eclipse.search.internal.ui.util,0,12,0.090909091,28,2,0.933333333,0.024242424,0.292893219
org.eclipse.search.ui,0,19,8.5,14,9,0.608695652,8.108695652,0.587521044
org.eclipse.search.ui.text,2,8,1.666666667,21,4,0.84,1.506666667,0.632304474
org.eclipse.search2.internal.ui,0,13,0,26,3,0.896551724,0.103448276,0.858578644
org.eclipse.search2.internal.ui.basic.views,0,11,0.1,6,1,0.857142857,0.042857143,0.292893219
org.eclipse.search2.internal.ui.text,1,8,0.142857143,12,1,0.923076923,0.065934066,0.646446609
org.eclipse.swt,0,3,0,3,185,0.015957447,0.984042553,0.551528672
org.eclipse.swt.accessibility,0,15,0.666666667,11,10,0.523809524,0.19047619,0.787867966
org.eclipse.swt.awt,3,4,0,6,0,0,1,1
org.eclipse.swt.browser,11,34,0.416666667,15,3,0.833333333,0.25,0.709168687
org.eclipse.swt.custom,9,49,0.256410256,10,121,0.076335878,0.667253866,0.777376632
org.eclipse.swt.dnd,4,79,0.234375,13,45,0.224137931,0.541487069,0.862114737
org.eclipse.swt.events,0,42,1.625,4,94,0.040816327,0.665816327,0.486844167
org.eclipse.swt.graphics,12,70,0.111111111,11,181,0.057291667,0.831597222,0.899806528
org.eclipse.swt.internal,0,24,0.333333333,8,28,0.222222222,0.444444444,0.564783657
org.eclipse.swt.internal.accessibility.gtk,0,13,0,2,1,0.666666667,0.333333333,0.469669914
org.eclipse.swt.internal.carbon,1,39,0,1,6,0.142857143,0.857142857,0.666666667
org.eclipse.swt.internal.gnome,1,2,0,1,1,0.5,0.5,0.292893219
org.eclipse.swt.internal.gtk,10,43,0.023809524,2,8,0.2,0.776190476,0.780887288
org.eclipse.swt.internal.image,1,39,0.083333333,5,1,0.833333333,0.083333333,0.295651176
org.eclipse.swt.internal.motif,0,39,0.026315789,3,6,0.333333333,0.640350877,0.338667171
org.eclipse.swt.internal.mozilla,1,67,0,5,1,0.833333333,0.166666667,0.967364302
org.eclipse.swt.internal.ole.win32,0,53,0,4,3,0.571428571,0.428571429,0.915820621
org.eclipse.swt.internal.photon,0,32,0,1,5,0.166666667,0.833333333,0.488873792
org.eclipse.swt.internal.win32,4,101,0.063157895,2,10,0.166666667,0.770175439,0.48400316
org.eclipse.swt.layout,0,8,0,5,132,0.03649635,0.96350365,0.473580235
org.eclipse.swt.ole.win32,1,14,0.076923077,8,3,0.727272727,0.195804196,0.897237424
org.eclipse.swt.printing,1,11,0,8,3,0.727272727,0.272727273,0.76429774
org.eclipse.swt.program,4,5,0,12,8,0.6,0.4,0.469669914
org.eclipse.swt.tools.internal,0,20,0.176470588,11,0,0,0.823529412,0.567879189
org.eclipse.swt.widgets,65,206,0.119565217,14,232,0.056910569,0.823524214,0.956803712
org.eclipse.team.core,1,12,1.4,9,26,0.257142857,0.657142857,0.673643024
org.eclipse.team.core.subscribers,0,4,3,8,7,0.533333333,2.533333333,0.548133124
org.eclipse.team.core.synchronize,3,8,1,9,10,0.473684211,0.473684211,0.810747981
org.eclipse.team.core.variants,1,15,2.75,10,12,0.454545455,2.204545455,0.823223305
org.eclipse.team.internal.ccvs.core,7,37,1.176470588,23,17,0.575,0.751470588,0.835008418
org.eclipse.team.internal.ccvs.core.client,4,56,0.12,14,10,0.583333333,0.296666667,0.866583626
org.eclipse.team.internal.ccvs.core.client.listeners,1,19,0.357142857,11,6,0.647058824,0.004201681,0.592432691
org.eclipse.team.internal.ccvs.core.connection,4,10,0,14,11,0.56,0.44,0.532998939
org.eclipse.team.internal.ccvs.core.resources,9,19,0.1875,14,14,0.5,0.3125,0.933898602
org.eclipse.team.internal.ccvs.core.syncinfo,6,12,0,14,12,0.538461538,0.461538462,0.446726911
org.eclipse.team.internal.ccvs.core.util,1,14,0,14,12,0.538461538,0.461538462,0.437391986
org.eclipse.team.internal.ccvs.ssh,0,12,0.090909091,13,1,0.928571429,0.019480519,0.387627564
org.eclipse.team.internal.ccvs.ssh2,0,11,0,20,0,0,1,0.646446609
org.eclipse.team.internal.ccvs.ui,21,65,0.083333333,60,8,0.882352941,0.034313725,0.755726748
org.eclipse.team.internal.ccvs.ui.actions,7,40,0.081081081,40,4,0.909090909,0.00982801,0.378140543
org.eclipse.team.internal.ccvs.ui.console,2,3,0,17,1,0.944444444,0.055555556,1
org.eclipse.team.internal.ccvs.ui.merge,1,6,0,21,2,0.913043478,0.086956522,0.717157288
org.eclipse.team.internal.ccvs.ui.model,0,26,0.181818182,22,5,0.814814815,0.003367003,0.703077004
org.eclipse.team.internal.ccvs.ui.operations,10,28,0.4,26,5,0.838709677,0.238709677,0.418632504
org.eclipse.team.internal.ccvs.ui.repo,5,22,0.1,42,7,0.857142857,0.042857143,0.91049135
org.eclipse.team.internal.ccvs.ui.subscriber,9,31,0.148148148,39,4,0.906976744,0.055124892,1
org.eclipse.team.internal.ccvs.ui.sync,0,1,0,4,1,0.8,0.2,0.292893219
org.eclipse.team.internal.ccvs.ui.wizards,9,27,0.08,42,5,0.893617021,0.026382979,0.516918169
org.eclipse.team.internal.core,3,19,0.1875,11,13,0.458333333,0.354166667,0.801191605
org.eclipse.team.internal.core.simpleAccess,0,1,0,3,0,0,1,1
org.eclipse.team.internal.core.streams,0,8,0.142857143,4,5,0.444444444,0.412698413,1
org.eclipse.team.internal.core.subscribers,3,17,0.133333333,10,4,0.714285714,0.152380952,0.919014557
org.eclipse.team.internal.ui,5,11,0.375,36,11,0.765957447,0.140957447,0.532998939
org.eclipse.team.internal.ui.actions,1,5,0.666666667,19,3,0.863636364,0.53030303,0.333333333
org.eclipse.team.internal.ui.dialogs,3,6,1,16,7,0.695652174,0.695652174,0.419711543
org.eclipse.team.internal.ui.preferences,1,5,0,20,1,0.952380952,0.047619048,1
org.eclipse.team.internal.ui.registry,1,5,0.25,8,2,0.8,0.05,1
org.eclipse.team.internal.ui.synchronize,11,45,0.363636364,45,5,0.9,0.263636364,0.855369544
org.eclipse.team.internal.ui.synchronize.actions,6,18,0,36,2,0.947368421,0.052631579,1
org.eclipse.team.internal.ui.wizards,2,11,0.1,26,1,0.962962963,0.062962963,0.532292827
org.eclipse.team.ui,1,8,1.666666667,19,10,0.655172414,1.32183908,0.325463122
org.eclipse.team.ui.synchronize,6,24,3,36,9,0.8,2.8,0.804998318
org.eclipse.text.edits,0,22,0.1,4,32,0.111111111,0.788888889,0.836123617
org.eclipse.tomcat.internal,0,7,0,9,0,0,1,0.469669914
org.eclipse.ui,9,103,11.875,35,184,0.159817352,11.03481735,0.608443658
org.eclipse.ui.about,,1,0,1,3,0.25,0.75,0.528595479
org.eclipse.ui.actions,0,53,0.261904762,44,71,0.382608696,0.355486542,0.681447112
org.eclipse.ui.activities,,19,2.166666667,11,18,0.379310345,1.545977011,0.495024753
org.eclipse.ui.application,7,4,0,16,5,0.761904762,0.238095238,0.843652808
org.eclipse.ui.branding,0,2,0,1,3,0.25,0.75,0.528595479
org.eclipse.ui.carbon,0,1,0,7,0,0,1,1
org.eclipse.ui.cheatsheets,0,9,2,11,8,0.578947368,1.578947368,0.29843924
org.eclipse.ui.commands,0,25,1.272727273,9,19,0.321428571,0.594155844,0.597356978
org.eclipse.ui.console,0,9,2,13,6,0.684210526,1.684210526,0.843652808
org.eclipse.ui.console.actions,2,3,0,13,3,0.8125,0.1875,0.333333333
org.eclipse.ui.contentassist,0,2,0,11,4,0.733333333,0.266666667,0.469669914
org.eclipse.ui.contexts,0,10,1.5,5,9,0.357142857,0.857142857,0.626159199
org.eclipse.ui.dialogs,1,44,0.517241379,32,73,0.304761905,0.177996716,0.523526763
org.eclipse.ui.editors.text,1,21,0.615384615,33,18,0.647058824,0.262443439,0.858275475
org.eclipse.ui.editors.text.templates,3,3,0,10,2,0.833333333,0.166666667,0.292893219
org.eclipse.ui.externaltools.internal.launchConfigurations,0,6,0.2,24,4,0.857142857,0.057142857,0.315346803
org.eclipse.ui.externaltools.internal.menu,0,1,0,2,0,0,1,1
org.eclipse.ui.externaltools.internal.model,1,10,0.428571429,19,8,0.703703704,0.132275132,0.911611652
org.eclipse.ui.externaltools.internal.program.launchConfigurations,0,6,0,18,1,0.947368421,0.052631579,0.575735931
org.eclipse.ui.externaltools.internal.registry,,1,0,7,1,0.875,0.125,1
org.eclipse.ui.externaltools.internal.ui,4,6,0,28,5,0.848484848,0.151515152,0.387627564
org.eclipse.ui.externaltools.internal.variables,0,3,0,7,0,0,1,0.292893219
org.eclipse.ui.forms,0,13,1.166666667,10,17,0.37037037,0.537037037,0.754942476
org.eclipse.ui.forms.editor,2,3,2,10,6,0.625,1.625,0.528595479
org.eclipse.ui.forms.events,0,6,0.5,3,6,0.333333333,0.166666667,1
org.eclipse.ui.forms.widgets,0,21,0.235294118,16,21,0.432432432,0.33227345,0.743529041
org.eclipse.ui.help,0,5,0.666666667,12,98,0.109090909,0.224242424,0.76910799
org.eclipse.ui.ide,0,4,1,11,37,0.229166667,0.229166667,0.393244748
org.eclipse.ui.internal,3,202,0.188235294,59,37,0.614583333,0.197181373,0.884545097
org.eclipse.ui.internal.about,60,8,0.142857143,17,1,0.944444444,0.087301587,0.646446609
org.eclipse.ui.internal.actions,2,5,0,16,1,0.941176471,0.058823529,1
org.eclipse.ui.internal.activities,0,21,0.235294118,8,1,0.888888889,0.124183007,0.607162899
org.eclipse.ui.internal.activities.ws,0,10,0,14,3,0.823529412,0.176470588,0.59175171
org.eclipse.ui.internal.cheatsheets,0,4,0.333333333,14,6,0.7,0.033333333,0.528595479
org.eclipse.ui.internal.cheatsheets.actions,1,6,0,19,1,0.95,0.05,1
org.eclipse.ui.internal.cheatsheets.data,4,15,0.5,15,1,0.9375,0.4375,0.678587827
org.eclipse.ui.internal.cheatsheets.dialogs,0,2,0,13,1,0.928571429,0.071428571,1
org.eclipse.ui.internal.cheatsheets.registry,0,7,0.4,11,5,0.6875,0.0875,0.469669914
org.eclipse.ui.internal.cheatsheets.views,0,14,0.166666667,24,3,0.888888889,0.055555556,0.792130145
org.eclipse.ui.internal.commands,0,26,0.3,21,1,0.954545455,0.254545455,0.76429774
org.eclipse.ui.internal.commands.ws,0,9,0.125,25,3,0.892857143,0.017857143,0.472953723
org.eclipse.ui.internal.console,0,14,0.166666667,22,2,0.916666667,0.083333333,0.898984746
org.eclipse.ui.internal.contexts,5,13,0.625,7,1,0.875,0.5,0.607162899
org.eclipse.ui.internal.contexts.ws,6,2,1,13,3,0.8125,0.8125,0.292893219
org.eclipse.ui.internal.decorators,4,17,0.133333333,21,2,0.913043478,0.046376812,0.782428683
org.eclipse.ui.internal.dialogs,20,69,0.112903226,44,12,0.785714286,0.101382488,0.858683284
org.eclipse.ui.internal.dnd,1,7,1.333333333,6,3,0.666666667,1,0.524926906
org.eclipse.ui.internal.editors.quickdiff,0,2,0,12,0,0,1,0.292893219
org.eclipse.ui.internal.editors.text,0,24,0.2,34,3,0.918918919,0.118918919,0.843652808
org.eclipse.ui.internal.editorsupport,0,1,0,7,1,0.875,0.125,0.292893219
org.eclipse.ui.internal.editorsupport.win32,0,1,0,18,0,0,1,1
org.eclipse.ui.internal.forms,0,4,1,7,0,0,0,0.292893219
org.eclipse.ui.internal.forms.widgets,0,12,0.090909091,13,1,0.928571429,0.019480519,0.364156564
org.eclipse.ui.internal.gestures,0,5,0.25,6,0,0,0.75,0.469669914
org.eclipse.ui.internal.ide,12,28,0.12,50,17,0.746268657,0.133731343,0.733384601
org.eclipse.ui.internal.ide.actions,2,9,0.125,22,1,0.956521739,0.081521739,0.528595479
org.eclipse.ui.internal.ide.dialogs,6,54,0.08,47,7,0.87037037,0.04962963,0.679565028
org.eclipse.ui.internal.ide.misc,1,8,0,20,3,0.869565217,0.130434783,0.333333333
org.eclipse.ui.internal.ide.model,0,15,0.071428571,20,1,0.952380952,0.023809524,0.532292827
org.eclipse.ui.internal.ide.registry,1,11,0.1,10,6,0.625,0.275,0.734834957
org.eclipse.ui.internal.ide.update,0,2,0,6,0,0,1,1
org.eclipse.ui.internal.intro,0,7,0.75,9,2,0.818181818,0.568181818,0.646446609
org.eclipse.ui.internal.intro.impl,0,2,1,10,7,0.588235294,0.588235294,1
org.eclipse.ui.internal.intro.impl.html,0,5,0.25,9,1,0.9,0.15,0.646446609
org.eclipse.ui.internal.intro.impl.model,0,25,0.388888889,22,9,0.709677419,0.098566308,0.698956547
org.eclipse.ui.internal.intro.impl.model.loader,0,5,0,10,4,0.714285714,0.285714286,0.844097609
org.eclipse.ui.internal.intro.impl.model.viewer,0,2,0,5,0,0,1,1
org.eclipse.ui.internal.intro.impl.parts,0,3,0,22,2,0.916666667,0.083333333,1
org.eclipse.ui.internal.intro.impl.presentations,0,4,0,22,1,0.956521739,0.043478261,0.292893219
org.eclipse.ui.internal.intro.impl.swt,0,7,0,16,2,0.888888889,0.111111111,0.736476862
org.eclipse.ui.internal.intro.impl.util,0,6,0,16,9,0.64,0.36,0.59175171
org.eclipse.ui.internal.keys,3,18,0.125,25,3,0.892857143,0.017857143,0.728961457
org.eclipse.ui.internal.layout,0,12,0.090909091,7,4,0.636363636,0.272727273,0.594953706
org.eclipse.ui.internal.misc,4,19,0.055555556,18,14,0.5625,0.381944444,0.387627564
org.eclipse.ui.internal.presentations,5,35,0.09375,27,3,0.9,0.00625,0.717786527
org.eclipse.ui.internal.presentations.r21,0,3,0.5,9,1,0.9,0.4,0.292893219
org.eclipse.ui.internal.presentations.r21.widgets,0,7,0.4,10,1,0.909090909,0.309090909,0.717157288
org.eclipse.ui.internal.progress,8,37,0.233333333,33,7,0.825,0.058333333,0.711993323
org.eclipse.ui.internal.registry,9,33,0.269230769,20,10,0.666666667,0.064102564,0.582043663
org.eclipse.ui.internal.testing,0,1,0,6,1,0.857142857,0.142857143,0.292893219
org.eclipse.ui.internal.texteditor,0,12,0,21,4,0.84,0.16,0.434314575
org.eclipse.ui.internal.texteditor.quickdiff,1,10,0.111111111,15,3,0.833333333,0.055555556,0.310573686
org.eclipse.ui.internal.texteditor.quickdiff.compare.rangedifferencer,0,8,0.333333333,6,1,0.857142857,0.19047619,0.410744349
org.eclipse.ui.internal.themes,2,23,0.352941176,21,3,0.875,0.227941176,0.805122011
org.eclipse.ui.internal.util,0,8,0,17,27,0.386363636,0.613636364,0.412055264
org.eclipse.ui.internal.views,0,1,0,2,0,0,1,1
org.eclipse.ui.intro,0,3,0,5,13,0.277777778,0.722222222,0.311979084
org.eclipse.ui.intro.config,0,5,1.5,15,5,0.75,1.25,0.35192593
org.eclipse.ui.keys,0,11,0.375,7,12,0.368421053,0.256578947,0.874230762
org.eclipse.ui.model,2,10,0.428571429,13,51,0.203125,0.368303571,0.479626905
org.eclipse.ui.part,7,42,0.826086957,26,78,0.25,0.076086957,0.670802315
org.eclipse.ui.plugin,1,1,0,12,121,0.090225564,0.909774436,0.737026404
org.eclipse.ui.presentations,2,9,2,10,4,0.714285714,1.714285714,1
org.eclipse.ui.progress,3,8,7,13,41,0.240740741,6.240740741,0.583018659
org.eclipse.ui.testing,0,2,1,2,3,0.4,0.4,0.472953723
org.eclipse.ui.texteditor,8,94,0.516129032,43,58,0.425742574,0.058128393,0.917538248
org.eclipse.ui.texteditor.link,0,1,0,2,3,0.4,0.6,0.76429774
org.eclipse.ui.texteditor.quickdiff,0,4,0.333333333,12,4,0.75,0.083333333,0.681801948
org.eclipse.ui.texteditor.templates,0,9,0.285714286,25,2,0.925925926,0.211640212,0.35192593
org.eclipse.ui.themes,0,5,4,8,6,0.571428571,3.571428571,0.302783311
org.eclipse.ui.views.bookmarkexplorer,0,15,0.153846154,25,0,0,0.846153846,0.823223305
org.eclipse.ui.views.contentoutline,0,3,2,10,10,0.5,1.5,0.325463122
org.eclipse.ui.views.framelist,0,12,0.333333333,13,2,0.866666667,0.2,0.717157288
org.eclipse.ui.views.markers,0,1,0,6,0,0,1,1
org.eclipse.ui.views.markers.internal,6,68,0.172413793,33,2,0.942857143,0.115270936,0.695692087
org.eclipse.ui.views.navigator,3,32,0.142857143,27,19,0.586956522,0.270186335,0.54241868
org.eclipse.ui.views.properties,0,29,0.611111111,23,11,0.676470588,0.287581699,0.703672618
org.eclipse.ui.views.tasklist,0,26,0.181818182,31,4,0.885714286,0.067532468,0.703672618
org.eclipse.ui.wizards.datatransfer,1,29,0.074074074,30,5,0.857142857,0.068783069,0.852686087
org.eclipse.ui.wizards.newresource,1,5,0.25,26,8,0.764705882,0.014705882,0.646446609
org.eclipse.update.configuration,0,13,12,7,13,0.35,11.35,0.61094678
org.eclipse.update.configurator,0,4,3,5,10,0.333333333,2.333333333,0.675962965
org.eclipse.update.core,4,51,1.428571429,12,27,0.307692308,0.736263736,0.831021888
org.eclipse.update.core.model,0,19,0.117647059,13,13,0.5,0.382352941,0.713187047
org.eclipse.update.internal.configurator,1,19,0.055555556,29,5,0.852941176,0.091503268,0.761167807
org.eclipse.update.internal.configurator.branding,0,4,1,8,1,0.888888889,0.888888889,0.292893219
org.eclipse.update.internal.core,12,60,0.132075472,21,20,0.512195122,0.355729406,0.895245358
org.eclipse.update.internal.mirror,0,3,0,11,1,0.916666667,0.083333333,0.387627564
org.eclipse.update.internal.model,0,9,0,17,4,0.80952381,0.19047619,0.709855771
org.eclipse.update.internal.operations,2,18,0.125,16,10,0.615384615,0.259615385,0.761167807
org.eclipse.update.internal.scheduler,1,3,0,20,1,0.952380952,0.047619048,0.528595479
org.eclipse.update.internal.scheduler.preferences,0,1,0,9,0,0,1,1
org.eclipse.update.internal.search,2,7,0.166666667,14,6,0.7,0.133333333,0.60913202
org.eclipse.update.internal.security,0,5,0,12,1,0.923076923,0.076923077,0.472953723
org.eclipse.update.internal.ui,2,6,0,30,8,0.789473684,0.210526316,0.528595479
org.eclipse.update.internal.ui.model,3,19,0.461538462,17,4,0.80952381,0.271062271,0.717157288
org.eclipse.update.internal.ui.parts,1,7,0.166666667,12,5,0.705882353,0.12745098,0.307179677
org.eclipse.update.internal.ui.preferences,2,2,0,15,0,0,1,1
org.eclipse.update.internal.ui.properties,1,6,0,19,0,0,1,1
org.eclipse.update.internal.ui.security,1,6,0,17,2,0.894736842,0.105263158,0.387627564
org.eclipse.update.internal.ui.servlets,0,2,0,16,0,0,1,0.292893219
org.eclipse.update.internal.ui.views,9,13,0.083333333,37,1,0.973684211,0.057017544,0.292893219
org.eclipse.update.internal.ui.wizards,9,26,0.130434783,37,6,0.860465116,0.009100101,0.868766535
org.eclipse.update.operations,1,15,14,8,9,0.470588235,13.47058824,0.496891747
org.eclipse.update.search,1,13,1.166666667,8,7,0.533333333,0.7,0.434314575
org.eclipse.update.standalone,2,12,0.090909091,14,1,0.933333333,0.024242424,0.823223305
org.eclipse.update.ui,0,1,0,6,0,0,1,1
org.osgi.framework,0,25,1.272727273,5,106,0.045045045,0.317772318,0.471824055
org.osgi.service.packageadmin,0,3,0,2,4,0.333333333,0.666666667,0.646446609
org.osgi.service.permissionadmin,0,2,1,1,1,0.5,0.5,0.292893219
org.osgi.service.prefs,0,3,2,1,12,0.076923077,1.076923077,0.333333333
org.osgi.service.startlevel,0,1,0,1,4,0.2,0.8,0.469669914
org.osgi.service.url,0,4,0,3,4,0.428571429,0.571428571,0.693813782
org.osgi.util.tracker,0,2,1,4,7,0.363636364,0.363636364,0.361123435
